PassengerId,Survived,Pclass,Name,Sex,Age,SibSp,Parch,Ticket,Fare,Cabin,Embarked,FamilySize,IsAlone,HasCabin,AgeGroup
1,0,3,"Davies, Mr. Samuel",male,25.5,0,0,SOTON 28062,8.04,Unknown,S,1,1,0,Adulto
2,0,3,"Brown, Mr. Miguel",male,0.7,1,0,SOTON 99913,3.15,Unknown,S,2,0,0,Niño
3,1,3,"Lewis, Mrs. Alice",female,33.4,0,0,W./C. 38266,1.61,Unknown,Q,1,1,0,Adulto
4,1,3,"Clark, Mrs. María",female,30.4,1,1,LINE 40522,9.3,Unknown,S,3,0,0,Adulto
5,1,1,"Young, Mrs. Alice",female,33.1,0,0,A/5 73103,165.1,Unknown,C,1,1,0,Adulto
6,0,3,"Evans, Mrs. María",female,29.9,1,0,LINE 51457,12.59,Unknown,C,2,0,0,Adulto
7,0,3,"Smith, Mr. James",male,27.6,0,0,W./C. 27644,9.13,Unknown,S,1,1,0,Adulto
8,1,1,"Martínez, Mr. Luis",male,29.9,0,1,W./C. 18685,101.05,Unknown,S,2,0,0,Adulto
9,1,1,"Thomas, Miss. Elena",female,8.3,1,0,W./C. 70293,39.65,Unknown,S,2,0,0,Niño
10,1,1,"King, Mr. Carlos",male,29.9,1,0,A/5 64030,155.58,Unknown,S,2,0,0,Adulto
11,1,2,"Johnson, Miss. Edith",female,17.4,0,0,SOTON 69065,9.93,Unknown,S,1,1,0,Joven
12,1,2,"Martínez, Miss. Isabella",female,11.4,0,0,W./C. 67105,13.69,E150,S,1,1,1,Niño
13,0,1,"Wright, Mr. George",male,34.9,0,0,PC 58799,160.79,Unknown,C,1,1,0,Adulto
14,0,2,"Johnson, Mr. Miguel",male,33.2,0,0,LINE 79540,38.37,Unknown,S,1,1,0,Adulto
15,0,3,"García, Mr. Charles",male,0.3,0,4,A/5 77528,13.75,Unknown,S,5,0,0,Niño
16,0,3,"Hall, Mr. Carlos",male,33.3,3,0,LINE 5903,24.42,Unknown,C,4,0,0,Adulto
17,0,3,"Wilson, Mr. John",male,19.5,0,0,C.A. 63583,17.14,Unknown,S,1,1,0,Joven
18,1,2,"Wilson, Mrs. Mary",female,44.3,1,0,W./C. 70986,16.89,Unknown,C,2,0,0,Adulto
19,1,2,"Lewis, Mr. Carlos",male,33.5,0,0,A/5 15079,18.34,Unknown,S,1,1,0,Adulto
20,0,1,"Young, Mr. Thomas",male,23.5,2,0,A/5 43789,80.56,Unknown,S,3,0,0,Adulto
21,0,1,"García, Mr. James",male,37.3,2,0,A/5 43591,63.81,C93,S,3,0,1,Adulto
22,0,3,"Johnson, Mr. Robert",male,0.3,0,0,STON/O2 90517,19.74,Unknown,S,1,1,0,Niño
23,0,1,"Martin, Mr. Thomas",male,33.2,0,1,A/5 48792,34.5,Unknown,S,2,0,0,Adulto
24,0,3,"Wright, Mr. Alejandro",male,29.9,1,2,C.A. 54332,11.08,Unknown,Q,4,0,0,Adulto
25,0,1,"Smith, Mrs. María",female,35.1,1,2,STON/O2 60766,175.59,Unknown,S,4,0,0,Adulto
26,0,3,"Wright, Mr. Luis",male,29.9,1,0,SOTON 66616,12.71,Unknown,S,2,0,0,Adulto
27,1,2,"Brown, Mr. Samuel",male,41.6,0,0,LINE 11083,60.02,F158,Q,1,1,1,Adulto
28,1,3,"Lewis, Mr. Miguel",male,21.9,0,0,SOTON 42856,6.97,Unknown,S,1,1,0,Adulto
29,0,3,"Hall, Mr. William",male,5.5,0,0,W./C. 83860,9.39,Unknown,S,1,1,0,Niño
30,0,3,"King, Mr. Alejandro",male,32.6,0,1,C.A. 53925,49.79,Unknown,C,2,0,0,Adulto
31,0,3,"King, Mr. Carlos",male,21.2,0,0,SOTON 9809,13.51,Unknown,C,1,1,0,Adulto
32,1,3,"Green, Miss. Anna",female,7.9,1,0,PC 83383,8.56,Unknown,S,2,0,0,Niño
33,1,3,"Allen, Mrs. Alice",female,25.4,2,0,W./C. 10179,17.27,Unknown,S,3,0,0,Adulto
34,0,3,"Lewis, Mr. Daniel",male,26.8,0,0,C.A. 53341,7.92,Unknown,S,1,1,0,Adulto
35,0,3,"Hernández, Mr. William",male,15.6,0,0,PC 8772,7.84,Unknown,S,1,1,0,Joven
36,0,3,"Smith, Miss. Margaret",female,20.6,1,0,PC 27251,38.31,Unknown,S,2,0,0,Adulto
37,0,3,"Smith, Mrs. Elena",female,25.8,0,0,SOTON 31550,13.46,Unknown,S,1,1,0,Adulto
38,1,1,"Davies, Mrs. Lucía",female,34.5,3,2,SOTON 45328,108.33,Unknown,S,6,0,0,Adulto
39,0,3,"King, Mr. George",male,6.2,0,2,STON/O2 19047,4.98,Unknown,S,3,0,0,Niño
40,1,3,"Thomas, Mr. Alejandro",male,49.0,0,0,STON/O2 99903,20.75,Unknown,S,1,1,0,Adulto
41,1,3,"Taylor, Mr. Henry",male,15.7,0,4,SOTON 52495,9.91,Unknown,S,5,0,0,Joven
42,1,2,"Green, Miss. Florence",female,2.6,0,1,A/5 64006,45.35,Unknown,C,2,0,0,Niño
43,0,3,"Hernández, Mr. Edward",male,42.3,2,0,PC 5813,11.59,Unknown,S,3,0,0,Adulto
44,0,3,"Clark, Mr. Charles",male,46.4,0,0,C.A. 67425,25.21,Unknown,S,1,1,0,Adulto
45,1,1,"García, Mrs. Florence",female,48.7,0,0,LINE 60375,67.83,D16,S,1,1,1,Adulto
46,0,3,"Wilson, Mr. Alejandro",male,29.9,0,0,PC 84577,5.17,Unknown,S,1,1,0,Adulto
47,0,3,"López, Mr. James",male,24.3,1,0,STON/O2 38967,5.0,Unknown,S,2,0,0,Adulto
48,0,3,"Lewis, Mrs. María",female,33.0,0,1,STON/O2 74326,8.91,Unknown,S,2,0,0,Adulto
49,1,1,"King, Mrs. Margaret",female,29.9,0,0,STON/O2 35612,44.91,Unknown,C,1,1,0,Adulto
50,0,2,"Hall, Mr. Alejandro",male,29.9,0,2,W./C. 44621,60.27,Unknown,C,3,0,0,Adulto
51,0,3,"Smith, Mr. Samuel",male,49.8,0,1,LINE 69077,30.23,Unknown,S,2,0,0,Adulto
52,1,3,"Wright, Mrs. Helen",female,31.6,0,0,W./C. 65769,34.48,Unknown,S,1,1,0,Adulto
53,1,1,"López, Mr. John",male,29.9,0,1,LINE 41434,218.27,Unknown,S,2,0,0,Adulto
54,1,3,"Martínez, Mrs. Alice",female,38.0,0,0,SOTON 8544,11.93,Unknown,S,1,1,0,Adulto
55,1,3,"Allen, Miss. Margaret",female,13.4,0,0,PC 98538,12.01,Unknown,S,1,1,0,Joven
56,1,3,"Walker, Miss. Anna",female,24.3,1,0,STON/O2 94924,6.99,Unknown,C,2,0,0,Adulto
57,1,1,"Evans, Mrs. Florence",female,32.7,0,0,STON/O2 34639,101.1,Unknown,S,1,1,0,Adulto
58,0,3,"Green, Mr. Luis",male,29.9,3,0,A/5 2491,13.55,Unknown,C,4,0,0,Adulto
59,1,3,"Ramírez, Mr. Luis",male,29.9,2,0,STON/O2 64418,9.21,Unknown,C,3,0,0,Adulto
60,0,3,"King, Mr. Samuel",male,28.4,1,0,C.A. 93673,12.34,Unknown,C,2,0,0,Adulto
61,1,2,"Young, Mrs. Ethel",female,26.0,0,0,A/5 96724,28.15,Unknown,C,1,1,0,Adulto
62,0,3,"Lewis, Mr. Robert",male,38.5,0,0,PC 78602,18.7,Unknown,S,1,1,0,Adulto
63,0,3,"Roberts, Mr. Samuel",male,34.5,0,0,A/5 29488,13.65,Unknown,S,1,1,0,Adulto
64,1,3,"Martin, Mrs. Camila",female,34.0,2,2,A/5 71593,8.96,Unknown,S,5,0,0,Adulto
65,1,1,"Wright, Mrs. Emily",female,33.1,1,0,A/5 99797,70.39,Unknown,S,2,0,0,Adulto
66,0,2,"Green, Mrs. Elizabeth",female,34.5,0,0,LINE 77539,77.75,Unknown,S,1,1,0,Adulto
67,1,3,"Clark, Mr. Samuel",male,29.9,1,0,LINE 78980,10.0,Unknown,Q,2,0,0,Adulto
68,0,2,"Young, Mr. Carlos",male,27.2,0,0,PC 43940,32.05,Unknown,S,1,1,0,Adulto
69,1,3,"Lewis, Mr. Miguel",male,49.1,2,0,W./C. 31420,10.15,Unknown,S,3,0,0,Adulto
70,0,3,"Young, Mr. Henry",male,50.2,0,0,PC 10323,6.24,Unknown,S,1,1,0,Adulto
71,1,3,"Roberts, Mr. Edward",male,29.9,0,0,LINE 98082,23.13,Unknown,S,1,1,0,Adulto
72,1,2,"Martin, Mrs. María",female,51.9,0,0,W./C. 76798,25.85,Unknown,S,1,1,0,Adulto
73,1,1,"Brown, Mrs. Sofía",female,38.7,1,1,A/5 12475,270.52,Unknown,S,3,0,0,Adulto
74,0,3,"Martin, Mr. William",male,29.9,5,0,A/5 62382,6.04,Unknown,S,6,0,0,Adulto
75,0,1,"Green, Mr. George",male,14.4,1,0,A/5 62016,161.34,Unknown,S,2,0,0,Joven
76,0,1,"Allen, Mr. Edward",male,29.9,1,0,W./C. 42013,71.67,Unknown,S,2,0,0,Adulto
77,0,1,"Wilson, Mr. Henry",male,41.2,1,0,A/5 7628,77.6,Unknown,S,2,0,0,Adulto
78,0,3,"Evans, Mr. Henry",male,47.7,1,0,C.A. 39992,28.65,Unknown,Q,2,0,0,Adulto
79,1,1,"Martínez, Mr. Charles",male,29.9,0,0,A/5 52087,95.81,Unknown,Q,1,1,0,Adulto
80,0,3,"Davies, Mr. Henry",male,29.9,0,0,STON/O2 78056,20.72,Unknown,S,1,1,0,Adulto
81,1,2,"Scott, Mrs. Lucía",female,43.0,0,2,STON/O2 37733,25.1,Unknown,S,3,0,0,Adulto
82,0,3,"Green, Mr. Luis",male,33.0,1,1,W./C. 56627,4.57,Unknown,S,3,0,0,Adulto
83,0,3,"Brown, Mrs. Camila",female,48.9,0,0,W./C. 82842,5.18,Unknown,S,1,1,0,Adulto
84,0,3,"Lewis, Mr. Arthur",male,38.8,0,0,LINE 95125,10.7,Unknown,S,1,1,0,Adulto
85,0,3,"Davies, Mrs. Elizabeth",female,44.0,0,0,A/5 44018,13.64,Unknown,S,1,1,0,Adulto
86,0,1,"Green, Mr. Samuel",male,37.4,0,1,C.A. 81033,71.82,Unknown,C,2,0,0,Adulto
87,0,3,"Wilson, Mr. Robert",male,15.1,2,0,PC 63139,10.43,Unknown,C,3,0,0,Joven
88,1,1,"Allen, Mrs. Emily",female,29.9,0,0,STON/O2 9971,100.46,Unknown,S,1,1,0,Adulto
89,1,3,"Davies, Mr. Carlos",male,25.5,0,0,LINE 28445,14.99,Unknown,S,1,1,0,Adulto
90,0,1,"Wright, Mr. John",male,53.0,1,0,LINE 27958,112.2,Unknown,C,2,0,0,Adulto
91,0,3,"Young, Mr. George",male,25.3,0,0,PC 19813,6.43,Unknown,S,1,1,0,Adulto
92,1,3,"Walker, Mr. Samuel",male,21.8,0,0,C.A. 40976,10.85,Unknown,S,1,1,0,Adulto
93,1,3,"Walker, Mr. Carlos",male,38.8,0,0,C.A. 84986,15.87,Unknown,C,1,1,0,Adulto
94,1,3,"Thomas, Mr. Carlos",male,49.6,0,0,W./C. 99260,12.53,Unknown,S,1,1,0,Adulto
95,0,2,"Brown, Mr. Thomas",male,37.3,0,0,PC 61540,23.88,Unknown,S,1,1,0,Adulto
96,0,2,"Walker, Mr. William",male,59.0,0,0,LINE 36826,36.46,Unknown,S,1,1,0,Adulto
97,0,3,"Evans, Mr. Daniel",male,26.1,1,0,LINE 7590,12.04,Unknown,S,2,0,0,Adulto
98,0,2,"Thomas, Mr. Miguel",male,46.8,1,0,PC 92889,56.37,Unknown,S,2,0,0,Adulto
99,0,3,"Hall, Mr. George",male,9.1,2,0,W./C. 17950,21.54,Unknown,S,3,0,0,Niño
100,1,3,"Evans, Mr. Arthur",male,26.8,0,0,C.A. 87340,17.41,Unknown,C,1,1,0,Adulto
101,0,3,"Walker, Miss. Isabella",female,21.6,0,0,W./C. 82569,18.67,Unknown,Q,1,1,0,Adulto
102,1,3,"Hall, Mr. Samuel",male,5.4,0,0,W./C. 93072,6.41,Unknown,S,1,1,0,Niño
103,1,3,"Ramírez, Mr. George",male,22.3,2,0,W./C. 60169,9.75,Unknown,S,3,0,0,Adulto
104,1,3,"García, Mrs. Ethel",female,29.9,0,1,C.A. 73808,18.85,Unknown,S,2,0,0,Adulto
105,0,3,"Brown, Mr. Charles",male,21.6,0,0,A/5 95632,7.88,Unknown,S,1,1,0,Adulto
106,0,3,"Taylor, Mr. George",male,70.3,0,0,PC 9308,2.98,Unknown,C,1,1,0,Adulto mayor
107,1,3,"Roberts, Mrs. Margaret",female,59.3,2,0,PC 88990,15.41,Unknown,S,3,0,0,Adulto
108,1,1,"King, Mrs. Lucía",female,29.9,1,0,W./C. 35069,56.83,A31,S,2,0,1,Adulto
109,0,2,"Wright, Mr. Edward",male,21.5,0,0,A/5 27144,56.34,Unknown,S,1,1,0,Adulto
110,0,3,"Davies, Mr. Arthur",male,34.8,1,1,C.A. 48405,19.63,Unknown,S,3,0,0,Adulto
111,1,3,"Hernández, Miss. Anna",female,5.2,0,1,W./C. 13471,10.86,Unknown,S,2,0,0,Niño
112,1,1,"Wright, Miss. María",female,3.8,2,0,LINE 88873,165.15,Unknown,S,3,0,0,Niño
113,0,3,"Lewis, Mr. James",male,29.9,0,3,PC 55781,9.19,Unknown,S,4,0,0,Adulto
114,0,1,"Allen, Mr. Samuel",male,26.2,0,1,PC 90222,248.39,Unknown,S,2,0,0,Adulto
115,1,3,"Brown, Mr. James",male,31.4,0,0,W./C. 1461,11.79,Unknown,S,1,1,0,Adulto
116,1,3,"Green, Miss. Elizabeth",female,29.9,0,0,PC 29010,15.4,Unknown,S,1,1,0,Adulto
117,0,2,"Davies, Miss. Lucía",female,19.8,0,0,C.A. 78056,34.23,Unknown,Q,1,1,0,Joven
118,1,3,"Allen, Mrs. Alice",female,29.9,0,0,PC 5908,14.43,Unknown,S,1,1,0,Adulto
119,0,2,"Roberts, Miss. Margaret",female,23.7,0,0,A/5 72347,18.22,F61,S,1,1,1,Adulto
120,0,3,"Davies, Mr. Alejandro",male,27.0,1,2,STON/O2 34347,13.7,Unknown,C,4,0,0,Adulto
121,0,2,"Scott, Mr. William",male,31.5,0,0,LINE 16575,43.98,Unknown,S,1,1,0,Adulto
122,1,3,"Hall, Mrs. Edith",female,29.9,0,3,PC 62471,12.4,Unknown,C,4,0,0,Adulto
123,1,1,"Young, Mrs. Ethel",female,44.7,0,1,W./C. 83414,85.0,Unknown,S,2,0,0,Adulto
124,0,3,"Evans, Mr. Arthur",male,25.5,0,0,W./C. 70333,18.56,Unknown,C,1,1,0,Adulto
125,0,2,"Wright, Mr. James",male,30.1,0,0,C.A. 73728,15.79,Unknown,S,1,1,0,Adulto
126,1,1,"King, Mr. Henry",male,23.2,0,0,STON/O2 44703,41.73,Unknown,S,1,1,0,Adulto
127,0,3,"Martin, Mr. Edward",male,39.7,4,0,SOTON 42210,23.7,Unknown,S,5,0,0,Adulto
128,0,2,"Ramírez, Mrs. Emily",female,26.3,1,2,PC 22622,36.06,Unknown,S,4,0,0,Adulto
129,0,3,"Wilson, Mrs. Anna",female,39.9,4,0,LINE 39572,16.51,Unknown,S,5,0,0,Adulto
130,0,2,"Young, Mr. James",male,34.8,0,0,W./C. 22154,13.15,Unknown,S,1,1,0,Adulto
131,0,1,"Smith, Mr. Arthur",male,39.5,0,0,SOTON 69960,253.61,C20,Q,1,1,1,Adulto
132,0,1,"Hernández, Mr. Miguel",male,29.9,2,0,SOTON 5875,113.03,Unknown,S,3,0,0,Adulto
133,0,2,"Martin, Miss. Mary",female,17.3,0,0,STON/O2 25319,33.08,Unknown,S,1,1,0,Joven
134,0,2,"Davies, Mrs. María",female,43.8,0,0,STON/O2 15498,64.37,Unknown,S,1,1,0,Adulto
135,0,3,"Johnson, Mr. Arthur",male,24.9,0,2,LINE 99180,21.77,Unknown,S,3,0,0,Adulto
136,0,2,"Clark, Mr. James",male,56.1,0,0,STON/O2 78176,21.6,Unknown,S,1,1,0,Adulto
137,0,1,"Martínez, Mr. John",male,43.1,1,0,A/5 75907,63.38,Unknown,S,2,0,0,Adulto
138,1,3,"King, Mrs. María",female,26.3,1,0,LINE 79557,3.87,Unknown,S,2,0,0,Adulto
139,0,2,"Green, Mr. Henry",male,22.6,0,1,A/5 80291,22.84,E17,Q,2,0,1,Adulto
140,1,1,"Hall, Mr. Edward",male,12.7,2,0,C.A. 16390,81.24,C87,S,3,0,1,Niño
141,0,3,"Davies, Mr. Carlos",male,27.1,0,2,LINE 87953,18.18,Unknown,C,3,0,0,Adulto
142,0,2,"King, Mr. Henry",male,29.9,0,0,W./C. 86628,31.16,Unknown,S,1,1,0,Adulto
143,1,3,"Wilson, Mr. Arthur",male,31.6,0,0,STON/O2 89912,9.83,Unknown,S,1,1,0,Adulto
144,0,3,"Green, Mr. Robert",male,33.0,0,3,PC 52940,6.2,Unknown,S,4,0,0,Adulto
145,0,3,"Wright, Mr. Henry",male,20.3,4,0,SOTON 41479,10.14,Unknown,S,5,0,0,Adulto
146,1,3,"Young, Mrs. Florence",female,29.9,0,0,LINE 81754,10.03,Unknown,S,1,1,0,Adulto
147,0,3,"Clark, Mr. Alejandro",male,19.2,1,0,PC 95463,18.31,Unknown,S,2,0,0,Joven
148,1,3,"Lewis, Miss. Anna",female,29.9,1,0,W./C. 44399,34.93,Unknown,S,2,0,0,Adulto
149,0,3,"King, Mr. Carlos",male,3.7,0,0,STON/O2 77452,7.9,Unknown,C,1,1,0,Niño
150,0,2,"King, Mr. Charles",male,7.2,0,0,SOTON 39655,20.11,Unknown,C,1,1,0,Niño
151,1,2,"Johnson, Mrs. Lucía",female,29.5,4,0,C.A. 76745,13.11,Unknown,S,5,0,0,Adulto
152,0,3,"Young, Mrs. Alice",female,29.9,0,0,SOTON 2876,9.51,Unknown,S,1,1,0,Adulto
153,0,3,"Allen, Mr. Arthur",male,7.4,0,0,W./C. 70255,10.9,Unknown,S,1,1,0,Niño
154,0,3,"Green, Mr. John",male,17.8,0,0,W./C. 15662,8.45,Unknown,S,1,1,0,Joven
155,1,3,"Roberts, Mr. James",male,3.3,3,0,A/5 76929,10.15,Unknown,S,4,0,0,Niño
156,1,1,"King, Mrs. Sofía",female,28.7,1,0,LINE 3149,92.05,Unknown,S,2,0,0,Adulto
157,0,1,"Allen, Mr. Henry",male,29.9,0,0,A/5 47808,55.66,Unknown,C,1,1,0,Adulto
158,1,1,"Hernández, Mrs. Margaret",female,40.4,0,1,A/5 31936,67.81,Unknown,S,2,0,0,Adulto
159,0,3,"Hernández, Mr. Edward",male,25.0,0,0,C.A. 63380,12.57,Unknown,S,1,1,0,Adulto
160,0,2,"Allen, Mr. Samuel",male,46.0,0,0,W./C. 1912,46.24,Unknown,S,1,1,0,Adulto
161,0,3,"Martin, Mr. Daniel",male,16.6,0,0,C.A. 58134,24.69,Unknown,S,1,1,0,Joven
162,1,2,"Johnson, Miss. Mary",female,29.9,1,0,C.A. 96992,32.35,Unknown,S,2,0,0,Adulto
163,0,3,"Lewis, Mr. Henry",male,46.6,0,2,PC 78817,2.61,Unknown,C,3,0,0,Adulto
164,1,3,"Evans, Mrs. Margaret",female,47.2,0,0,SOTON 97390,6.99,Unknown,S,1,1,0,Adulto
165,1,2,"Clark, Mrs. Margaret",female,31.2,2,0,SOTON 19217,9.55,Unknown,S,3,0,0,Adulto
166,1,3,"Ramírez, Miss. María",female,29.9,1,0,W./C. 20115,5.55,Unknown,S,2,0,0,Adulto
167,0,3,"Davies, Mr. Robert",male,29.9,0,0,SOTON 47780,15.91,Unknown,Q,1,1,0,Adulto
168,0,3,"Thomas, Mr. Luis",male,29.9,0,1,PC 83469,9.98,Unknown,S,2,0,0,Adulto
169,1,1,"Johnson, Mr. Alejandro",male,21.0,0,1,PC 39586,55.91,Unknown,S,2,0,0,Adulto
170,0,3,"Wright, Mr. Samuel",male,29.9,1,0,LINE 65189,14.19,Unknown,S,2,0,0,Adulto
171,1,1,"Martin, Mrs. Lucía",female,38.5,2,0,A/5 22254,48.74,Unknown,S,3,0,0,Adulto
172,1,3,"Evans, Mrs. Elizabeth",female,43.7,2,0,STON/O2 66876,10.85,Unknown,S,3,0,0,Adulto
173,1,1,"Hall, Mrs. Anna",female,46.3,0,0,PC 36850,13.34,Unknown,Q,1,1,0,Adulto
174,1,2,"Lewis, Mr. Arthur",male,29.9,0,1,STON/O2 69228,14.54,Unknown,S,2,0,0,Adulto
175,1,2,"García, Miss. Elena",female,3.6,0,1,W./C. 98467,32.65,Unknown,S,2,0,0,Niño
176,0,2,"Allen, Mr. Arthur",male,29.9,1,1,C.A. 22074,8.73,Unknown,C,3,0,0,Adulto
177,1,2,"Walker, Mr. George",male,18.7,0,0,W./C. 55737,22.13,Unknown,C,1,1,0,Joven
178,0,1,"Walker, Mr. Carlos",male,29.9,0,0,C.A. 52524,217.21,Unknown,S,1,1,0,Adulto
179,0,1,"Clark, Mr. Daniel",male,24.2,1,0,LINE 17930,112.45,Unknown,S,2,0,0,Adulto
180,0,3,"Hall, Mr. James",male,42.1,0,0,STON/O2 22263,8.67,Unknown,C,1,1,0,Adulto
181,0,3,"Green, Mr. Arthur",male,11.9,0,0,SOTON 15235,23.05,Unknown,C,1,1,0,Niño
182,1,1,"Lewis, Miss. Alice",female,8.1,0,1,C.A. 98048,50.45,Unknown,C,2,0,0,Niño
183,1,2,"Young, Mrs. Helen",female,40.4,0,0,C.A. 17075,29.95,Unknown,Q,1,1,0,Adulto
184,1,1,"Allen, Mr. Luis",male,52.5,1,0,C.A. 98753,76.01,Unknown,S,2,0,0,Adulto
185,1,2,"Wilson, Mr. Miguel",male,37.1,1,0,PC 38921,36.24,Unknown,S,2,0,0,Adulto
186,1,3,"López, Mr. Luis",male,5.0,0,1,LINE 11939,20.89,Unknown,S,2,0,0,Niño
187,0,3,"Walker, Miss. Sofía",female,5.4,1,0,PC 99142,11.98,Unknown,Q,2,0,0,Niño
188,0,1,"Wright, Miss. Lucía",female,12.6,0,0,PC 90783,9999.0,E90,S,1,1,1,Niño
189,1,3,"King, Miss. Alice",female,1.3,0,0,STON/O2 86786,29.13,Unknown,C,1,1,0,Niño
190,1,1,"Hall, Miss. Isabella",female,21.7,0,2,SOTON 89871,66.88,B35,S,3,0,1,Adulto
191,1,3,"Brown, Mr. Daniel",male,29.9,0,2,LINE 11844,56.23,Unknown,C,3,0,0,Adulto
192,0,3,"Davies, Mrs. Emily",female,31.1,0,0,STON/O2 19720,17.22,Unknown,S,1,1,0,Adulto
193,1,3,"Hall, Mrs. Lucía",female,38.3,0,2,LINE 21401,7.22,Unknown,S,3,0,0,Adulto
194,0,3,"López, Mr. Alejandro",male,29.9,0,0,C.A. 70927,16.15,Unknown,S,1,1,0,Adulto
195,0,3,"Green, Mr. Thomas",male,30.8,0,0,STON/O2 71690,10.5,Unknown,C,1,1,0,Adulto
196,0,1,"Ramírez, Mr. James",male,34.6,0,3,PC 68471,195.5,Unknown,Q,4,0,0,Adulto
197,0,1,"Brown, Mr. Edward",male,39.7,0,0,W./C. 69407,201.63,Unknown,Q,1,1,0,Adulto
198,0,3,"Evans, Miss. Isabella",female,17.6,0,1,STON/O2 18561,9.59,F58,S,2,0,1,Joven
199,1,2,"Hernández, Mr. Daniel",male,25.7,0,0,C.A. 25348,23.96,Unknown,C,1,1,0,Adulto
200,0,1,"Hall, Mr. Alejandro",male,10.7,0,0,LINE 65993,31.81,Unknown,C,1,1,0,Niño
201,0,3,"Lewis, Mr. Alejandro",male,22.8,0,0,STON/O2 28739,21.36,Unknown,S,1,1,0,Adulto
202,0,3,"García, Mr. John",male,36.7,0,0,SOTON 62093,11.03,Unknown,S,1,1,0,Adulto
203,0,1,"Young, Mrs. Elizabeth",female,41.8,0,0,W./C. 24471,94.93,E46,S,1,1,1,Adulto
204,1,3,"Lewis, Mr. James",male,28.1,1,0,A/5 5005,34.61,Unknown,S,2,0,0,Adulto
205,1,3,"Martínez, Miss. Alice",female,0.3,1,0,A/5 77349,12.03,Unknown,S,2,0,0,Niño
206,1,2,"Evans, Mr. Robert",male,52.5,0,0,STON/O2 18481,10.83,Unknown,S,1,1,0,Adulto
207,1,3,"King, Miss. Margaret",female,29.9,0,0,LINE 40454,35.65,Unknown,S,1,1,0,Adulto
208,0,2,"Wilson, Mr. Charles",male,33.2,2,0,STON/O2 20073,22.88,Unknown,S,3,0,0,Adulto
209,1,3,"Young, Mr. Henry",male,29.9,1,0,PC 56929,11.44,Unknown,S,2,0,0,Adulto
210,1,3,"Roberts, Miss. Edith",female,20.0,0,0,LINE 69710,6.29,Unknown,S,1,1,0,Adulto
211,1,1,"Roberts, Mr. Samuel",male,29.1,0,0,W./C. 34500,25.24,Unknown,S,1,1,0,Adulto
212,0,3,"Johnson, Mr. Edward",male,17.5,1,0,W./C. 27561,8.94,Unknown,S,2,0,0,Joven
213,0,1,"Brown, Mr. Daniel",male,13.2,0,0,LINE 21489,81.9,D14,S,1,1,1,Joven
214,1,3,"Green, Mrs. Emily",female,32.8,0,0,LINE 6067,11.05,Unknown,C,1,1,0,Adulto
215,0,2,"Allen, Mr. John",male,26.9,0,1,SOTON 84258,10.85,Unknown,S,2,0,0,Adulto
216,0,3,"Smith, Mr. Henry",male,6.2,0,0,W./C. 35917,26.89,Unknown,S,1,1,0,Niño
217,0,3,"Walker, Mr. John",male,28.5,3,0,W./C. 33904,21.3,Unknown,S,4,0,0,Adulto
218,0,3,"Davies, Mr. Daniel",male,15.4,0,1,LINE 17236,15.58,Unknown,S,2,0,0,Joven
219,0,1,"Green, Mr. George",male,42.3,2,0,SOTON 69879,222.89,Unknown,C,3,0,0,Adulto
220,1,2,"Davies, Mrs. María",female,39.1,1,2,C.A. 91964,45.92,Unknown,S,4,0,0,Adulto
221,1,3,"García, Miss. Edith",female,22.5,0,0,PC 93465,14.7,Unknown,C,1,1,0,Adulto
222,0,3,"Hall, Mr. Daniel",male,17.2,0,0,SOTON 95722,10.76,Unknown,C,1,1,0,Joven
223,1,3,"Clark, Mr. Samuel",male,30.8,0,2,STON/O2 89083,8.49,Unknown,S,3,0,0,Adulto
224,1,3,"Scott, Mrs. Camila",female,36.5,0,0,A/5 24878,9.47,Unknown,S,1,1,0,Adulto
225,0,2,"Taylor, Mr. Miguel",male,55.5,0,2,PC 62480,15.49,Unknown,S,3,0,0,Adulto
226,0,3,"Green, Mr. Arthur",male,29.9,3,1,PC 13809,17.92,Unknown,S,5,0,0,Adulto
227,1,2,"Clark, Mrs. Elizabeth",female,29.9,0,0,LINE 33930,17.34,Unknown,S,1,1,0,Adulto
228,0,1,"García, Mr. Edward",male,29.9,0,0,W./C. 3186,133.91,E99,C,1,1,1,Adulto
229,1,3,"Davies, Miss. Edith",female,14.8,1,0,SOTON 16954,4.62,Unknown,S,2,0,0,Joven
230,0,1,"López, Mrs. Margaret",female,34.3,0,1,STON/O2 46466,51.33,C64,S,2,0,1,Adulto
231,0,3,"Clark, Mr. Thomas",male,46.4,0,1,LINE 85330,40.51,Unknown,S,2,0,0,Adulto
232,1,2,"Hernández, Mrs. Edith",female,29.2,1,1,LINE 31753,27.91,Unknown,S,3,0,0,Adulto
233,0,3,"Evans, Mr. Arthur",male,0.3,1,0,LINE 72848,66.58,Unknown,S,2,0,0,Niño
234,1,1,"Hall, Mrs. Sofía",female,29.1,0,0,PC 71139,140.41,Unknown,S,1,1,0,Adulto
235,0,1,"Hall, Mr. Miguel",male,29.9,2,0,SOTON 95799,230.28,Unknown,C,3,0,0,Adulto
236,1,3,"Taylor, Mrs. Alice",female,29.9,0,0,LINE 16298,5.9,Unknown,Q,1,1,0,Adulto
237,1,2,"Scott, Miss. Alice",female,8.5,0,0,SOTON 7159,21.43,Unknown,C,1,1,0,Niño
238,1,2,"Walker, Mr. Arthur",male,9.2,0,0,C.A. 98645,38.8,Unknown,S,1,1,0,Niño
239,1,1,"Lewis, Mr. Carlos",male,32.2,0,3,C.A. 87322,53.19,Unknown,S,4,0,0,Adulto
240,0,3,"Martínez, Mr. John",male,17.5,2,0,PC 61870,9.45,Unknown,S,3,0,0,Joven
241,0,3,"Lewis, Mr. Charles",male,29.9,0,2,LINE 14397,20.18,Unknown,S,3,0,0,Adulto
242,0,1,"Wilson, Mr. Daniel",male,29.9,0,0,STON/O2 27303,114.67,Unknown,S,1,1,0,Adulto
243,0,3,"Martínez, Mr. Alejandro",male,7.1,0,0,SOTON 68536,19.36,Unknown,S,1,1,0,Niño
244,0,3,"Evans, Mr. Miguel",male,29.9,0,0,W./C. 69797,25.26,Unknown,S,1,1,0,Adulto
245,0,3,"Clark, Mr. Robert",male,29.9,3,0,A/5 11657,12.92,F60,S,4,0,1,Adulto
246,1,3,"Walker, Mrs. Lucía",female,56.2,1,2,SOTON 46009,7.3,Unknown,S,4,0,0,Adulto
247,0,3,"Johnson, Mr. Henry",male,29.9,1,0,W./C. 37662,11.36,Unknown,C,2,0,0,Adulto
248,0,3,"Smith, Mr. Alejandro",male,29.9,0,0,A/5 63381,35.38,Unknown,S,1,1,0,Adulto
249,1,3,"Thomas, Mr. Charles",male,29.9,1,2,SOTON 25784,14.46,Unknown,S,4,0,0,Adulto
250,0,3,"Martínez, Mr. Miguel",male,25.6,0,4,SOTON 13424,9.72,Unknown,C,5,0,0,Adulto
251,0,2,"Scott, Mr. Miguel",male,31.7,0,0,W./C. 76225,21.8,Unknown,S,1,1,0,Adulto
252,0,3,"Young, Mr. Miguel",male,29.9,0,3,LINE 11077,14.36,Unknown,S,4,0,0,Adulto
253,1,1,"Green, Mrs. Edith",female,53.6,1,0,PC 65927,142.13,Unknown,C,2,0,0,Adulto
254,0,3,"Martínez, Mr. Henry",male,20.1,0,0,STON/O2 68012,77.89,Unknown,S,1,1,0,Adulto
255,1,3,"Green, Miss. Emily",unknown,10.2,0,1,C.A. 43191,9.7,Unknown,Q,2,0,0,Niño
256,0,2,"Martin, Mrs. Isabella",female,38.6,1,0,PC 1091,60.16,D157,S,2,0,1,Adulto
257,0,3,"Lewis, Mr. Samuel",male,23.3,4,0,STON/O2 63305,6.93,Unknown,Q,5,0,0,Adulto
258,1,3,"Taylor, Mrs. Anna",female,40.2,1,1,LINE 39689,17.45,Unknown,S,3,0,0,Adulto
259,0,3,"Smith, Mr. Arthur",male,19.4,1,0,STON/O2 35594,26.47,Unknown,S,2,0,0,Joven
260,0,3,"Hall, Mr. Arthur",male,41.5,0,1,STON/O2 15438,11.83,Unknown,C,2,0,0,Adulto
261,1,1,"Green, Mr. George",male,26.0,2,0,SOTON 63996,40.84,Unknown,C,3,0,0,Adulto
262,0,3,"Johnson, Mr. Arthur",male,17.6,1,1,STON/O2 58341,20.57,Unknown,C,3,0,0,Joven
263,0,2,"King, Mr. Arthur",male,26.2,0,0,PC 8740,30.59,Unknown,S,1,1,0,Adulto
264,0,3,"Smith, Mrs. Edith",female,27.8,2,0,PC 6236,28.49,Unknown,S,3,0,0,Adulto
265,1,1,"Young, Miss. Sofía",female,23.2,2,0,C.A. 44397,145.3,Unknown,S,3,0,0,Adulto
266,1,1,"López, Mr. Thomas",male,25.9,0,2,W./C. 24869,67.82,Unknown,S,3,0,0,Adulto
267,1,1,"Wright, Mr. Carlos",male,11.3,0,0,W./C. 76150,60.84,E47,C,1,1,1,Niño
268,0,2,"Wright, Mr. Edward",male,29.9,2,0,LINE 96915,19.2,Unknown,S,3,0,0,Adulto
269,0,2,"Allen, Mr. Samuel",male,36.2,1,0,A/5 90250,28.34,Unknown,S,2,0,0,Adulto
270,0,3,"Wright, Mrs. Margaret",female,29.9,0,0,W./C. 80091,14.06,Unknown,C,1,1,0,Adulto
271,0,3,"Brown, Mr. John",male,29.9,3,2,A/5 52959,16.9,Unknown,S,6,0,0,Adulto
272,1,3,"Green, Mr. Samuel",male,29.9,0,0,LINE 91402,16.96,Unknown,C,1,1,0,Adulto
273,0,3,"Hall, Mr. Alejandro",male,69.2,0,1,LINE 4700,18.78,Unknown,S,2,0,0,Adulto mayor
274,0,3,"Brown, Mr. James",male,29.9,3,0,C.A. 74261,15.6,Unknown,S,4,0,0,Adulto
275,1,3,"Taylor, Mr. Samuel",male,29.9,0,0,W./C. 82227,30.3,Unknown,S,1,1,0,Adulto
276,1,2,"Martin, Mr. William",male,29.9,1,0,A/5 23517,39.03,Unknown,C,2,0,0,Adulto
277,0,3,"Martin, Mr. George",male,33.5,0,1,A/5 8131,5.12,Unknown,S,2,0,0,Adulto
278,0,1,"Taylor, Mr. Daniel",male,57.0,0,0,A/5 60174,72.8,B106,S,1,1,1,Adulto
279,1,3,"Ramírez, Mr. Edward",male,29.9,0,0,PC 91214,8.03,Unknown,S,1,1,0,Adulto
280,0,3,"García, Mr. Robert",male,7.2,0,2,A/5 89885,19.04,Unknown,S,3,0,0,Niño
281,0,1,"Lewis, Mr. Daniel",male,29.9,0,2,LINE 39605,34.86,Unknown,S,3,0,0,Adulto
282,1,1,"Evans, Mr. Arthur",male,9.4,1,0,A/5 23719,42.39,B4,S,2,0,1,Niño
283,1,3,"Johnson, Mrs. Margaret",female,50.6,0,1,LINE 38657,19.1,Unknown,C,2,0,0,Adulto
284,0,3,"Johnson, Mr. Alejandro",male,22.2,0,0,W./C. 76303,25.28,Unknown,S,1,1,0,Adulto
285,0,2,"Wilson, Mr. Edward",male,32.7,0,0,STON/O2 56923,9.6,Unknown,S,1,1,0,Adulto
286,0,3,"Taylor, Mr. George",male,29.3,0,0,A/5 53693,16.77,Unknown,S,1,1,0,Adulto
287,1,3,"Davies, Miss. Elizabeth",female,23.3,0,0,STON/O2 1605,21.94,Unknown,S,1,1,0,Adulto
288,1,1,"Davies, Mr. George",male,51.0,0,0,PC 3723,111.0,Unknown,Q,1,1,0,Adulto
289,0,2,"Martin, Mr. Alejandro",male,67.5,0,0,SOTON 4844,11.79,Unknown,S,1,1,0,Adulto mayor
290,0,3,"Allen, Mr. Alejandro",male,29.9,0,0,PC 95981,14.8,Unknown,S,1,1,0,Adulto
291,0,2,"Brown, Mrs. Mary",female,26.5,1,0,PC 56606,27.28,Unknown,S,2,0,0,Adulto
292,0,3,"Roberts, Mr. James",male,50.0,0,1,A/5 6407,15.59,Unknown,S,2,0,0,Adulto
293,1,2,"Hall, Mr. John",male,29.9,0,4,SOTON 29625,9.23,Unknown,S,5,0,0,Adulto
294,0,3,"Wright, Mr. George",male,7.5,1,0,STON/O2 89915,18.53,Unknown,S,2,0,0,Niño
295,1,1,"King, Mr. Edward",male,42.7,0,1,STON/O2 61588,47.33,Unknown,Q,2,0,0,Adulto
296,0,2,"King, Mr. Carlos",male,27.8,0,0,PC 79020,15.45,Unknown,S,1,1,0,Adulto
297,0,2,"Hernández, Mr. Henry",male,12.1,0,0,STON/O2 43058,22.52,F130,Q,1,1,1,Niño
298,1,3,"Ramírez, Mrs. Elena",female,32.1,0,0,PC 23529,13.02,Unknown,S,1,1,0,Adulto
299,1,1,"López, Mr. Charles",male,29.9,2,0,W./C. 80621,45.35,Unknown,S,3,0,0,Adulto
300,0,3,"Roberts, Mr. Alejandro",male,48.0,2,0,C.A. 7421,10.54,Unknown,S,3,0,0,Adulto
301,0,3,"García, Mr. Edward",male,3.3,0,0,PC 3599,19.91,Unknown,S,1,1,0,Niño
302,0,1,"Clark, Mr. Luis",male,40.1,2,0,A/5 47824,76.0,Unknown,S,3,0,0,Adulto
303,1,3,"Taylor, Mr. Arthur",male,12.3,1,0,W./C. 79239,25.24,Unknown,S,2,0,0,Niño
304,0,3,"Evans, Mrs. Lucía",female,27.3,0,0,W./C. 3027,12.05,Unknown,S,1,1,0,Adulto
305,0,3,"Walker, Mr. Samuel",male,29.9,0,0,STON/O2 56613,16.89,Unknown,C,1,1,0,Adulto
306,1,3,"López, Miss. Ethel",female,2.4,0,0,STON/O2 29176,29.06,Unknown,Q,1,1,0,Niño
307,0,2,"Taylor, Mr. Thomas",male,48.2,0,1,SOTON 37580,11.89,Unknown,C,2,0,0,Adulto
308,1,3,"García, Mr. William",male,75.5,0,0,STON/O2 40228,4.98,Unknown,S,1,1,0,Adulto mayor
309,0,2,"Hernández, Mr. Luis",male,29.9,0,0,C.A. 81513,10.15,Unknown,C,1,1,0,Adulto
310,0,3,"Lewis, Mr. Edward",male,29.9,0,0,W./C. 32031,16.5,Unknown,S,1,1,0,Adulto
311,0,3,"Walker, Mrs. Alice",female,44.8,0,0,PC 52912,29.95,Unknown,C,1,1,0,Adulto
312,0,2,"Hall, Mr. Thomas",male,29.9,0,0,STON/O2 50545,18.56,Unknown,C,1,1,0,Adulto
313,1,3,"Brown, Miss. Alice",female,29.9,0,1,C.A. 15150,7.71,Unknown,S,2,0,0,Adulto
314,0,1,"Young, Mr. James",male,40.7,0,1,PC 51717,47.37,Unknown,Q,2,0,0,Adulto
315,1,1,"Young, Mrs. Ethel",female,26.8,0,0,A/5 50236,51.82,A43,Q,1,1,1,Adulto
316,0,1,"Young, Mr. Alejandro",male,45.6,1,2,PC 4492,78.84,Unknown,S,4,0,0,Adulto
317,0,3,"Brown, Mr. John",male,22.8,0,0,STON/O2 24064,11.58,Unknown,S,1,1,0,Adulto
318,0,2,"Thomas, Mrs. Lucía",female,34.9,0,1,STON/O2 43726,31.73,Unknown,S,2,0,0,Adulto
319,0,1,"Lewis, Mrs. Edith",female,29.9,0,0,W./C. 68547,55.81,Unknown,S,1,1,0,Adulto
320,1,3,"Clark, Mr. Arthur",male,7.2,0,0,SOTON 22905,8.42,Unknown,S,1,1,0,Niño
321,1,3,"Hall, Miss. María",female,3.9,3,0,SOTON 36035,2.65,Unknown,S,4,0,0,Niño
322,0,3,"Martin, Mr. Luis",male,27.2,2,1,LINE 94080,19.24,Unknown,C,4,0,0,Adulto
323,0,2,"Young, Mrs. Anna",female,25.7,0,1,SOTON 84716,18.71,Unknown,C,2,0,0,Adulto
324,0,3,"Davies, Miss. Sofía",female,7.0,0,0,C.A. 87729,8.7,Unknown,S,1,1,0,Niño
325,0,2,"Davies, Mr. Robert",male,40.9,0,0,STON/O2 4767,17.31,Unknown,S,1,1,0,Adulto
326,0,2,"Smith, Mrs. Lucía",female,45.8,0,2,SOTON 30985,39.31,Unknown,S,3,0,0,Adulto
327,1,1,"Scott, Mrs. Elena",female,55.5,0,1,STON/O2 33178,124.54,Unknown,Q,2,0,0,Adulto
328,1,3,"Roberts, Mr. Daniel",male,20.9,0,0,STON/O2 47384,5.89,Unknown,S,1,1,0,Adulto
329,0,3,"Thomas, Mr. Miguel",male,0.3,0,0,STON/O2 27907,16.69,Unknown,S,1,1,0,Niño
330,1,2,"Taylor, Miss. Mary",female,5.6,0,1,C.A. 59792,14.15,Unknown,S,2,0,0,Niño
331,0,3,"Allen, Mr. Thomas",male,29.9,0,0,A/5 26129,12.95,Unknown,S,1,1,0,Adulto
332,1,1,"Wilson, Mr. Carlos",male,29.9,0,1,LINE 85215,193.63,Unknown,S,2,0,0,Adulto
333,0,3,"Thomas, Mr. William",male,25.7,0,0,PC 70718,11.13,Unknown,S,1,1,0,Adulto
334,0,1,"Smith, Mr. Henry",male,33.5,0,0,PC 86437,101.11,Unknown,S,1,1,0,Adulto
335,1,3,"Smith, Mrs. Margaret",female,47.6,1,0,W./C. 98814,16.03,Unknown,Q,2,0,0,Adulto
336,0,1,"Thomas, Mr. Luis",male,59.5,0,4,SOTON 7260,73.15,Unknown,Q,5,0,0,Adulto
337,0,3,"Evans, Mr. John",male,29.8,0,1,SOTON 92854,11.42,Unknown,S,2,0,0,Adulto
338,0,3,"Brown, Mrs. Emily",female,42.1,0,1,C.A. 35284,35.77,Unknown,S,2,0,0,Adulto
339,0,3,"King, Mr. George",male,56.8,0,2,W./C. 68722,17.01,E57,S,3,0,1,Adulto
340,0,2,"Walker, Mr. Thomas",male,29.9,0,0,SOTON 51506,32.69,Unknown,S,1,1,0,Adulto
341,1,1,"Ramírez, Miss. Ethel",female,16.4,0,0,STON/O2 18985,175.72,Unknown,S,1,1,0,Joven
342,0,1,"Martínez, Mr. Charles",male,37.0,0,0,SOTON 69701,236.16,Unknown,S,1,1,0,Adulto
343,1,2,"Green, Miss. Ethel",female,21.2,0,1,W./C. 98901,39.13,Unknown,S,2,0,0,Adulto
344,0,2,"Green, Mrs. Edith",female,34.2,0,1,LINE 47820,10.06,Unknown,S,2,0,0,Adulto
345,0,3,"Johnson, Miss. Anna",female,11.9,0,1,STON/O2 53628,5.4,Unknown,S,2,0,0,Niño
346,1,3,"Martin, Miss. María",female,22.6,0,3,SOTON 14722,24.32,E26,S,4,0,1,Adulto
347,1,1,"Wilson, Mr. Henry",male,27.0,0,0,STON/O2 41368,69.48,D51,S,1,1,1,Adulto
348,1,3,"Hernández, Mrs. Elizabeth",female,29.6,3,2,W./C. 89117,6.48,Unknown,S,6,0,0,Adulto
349,0,3,"Johnson, Mr. Samuel",male,29.6,1,0,LINE 52856,5.36,Unknown,S,2,0,0,Adulto
350,1,2,"Brown, Mr. Luis",male,21.7,0,0,STON/O2 27056,14.81,Unknown,C,1,1,0,Adulto
351,1,3,"Martin, Mrs. Sofía",female,29.9,4,0,C.A. 47800,25.38,Unknown,S,5,0,0,Adulto
352,0,2,"Scott, Mrs. Lucía",female,29.9,3,0,W./C. 97893,35.77,Unknown,C,4,0,0,Adulto
353,0,3,"Green, Mr. Daniel",male,29.9,1,0,STON/O2 49861,14.8,Unknown,S,2,0,0,Adulto
354,1,3,"Clark, Miss. Camila",female,0.3,0,0,PC 51720,14.77,Unknown,Q,1,1,0,Niño
355,0,3,"King, Mr. William",male,43.0,0,1,A/5 11654,20.69,Unknown,S,2,0,0,Adulto
356,1,2,"Hernández, Mr. Thomas",male,41.1,0,0,STON/O2 3621,33.66,Unknown,C,1,1,0,Adulto
357,1,3,"Martin, Mr. Miguel",male,16.2,0,3,A/5 40579,25.68,Unknown,S,4,0,0,Joven
358,1,3,"Walker, Miss. Helen",female,24.1,0,1,A/5 16330,15.65,Unknown,C,2,0,0,Adulto
359,0,2,"López, Mrs. Edith",female,32.9,0,1,PC 36991,19.68,Unknown,C,2,0,0,Adulto
360,0,3,"García, Mr. Arthur",male,36.0,2,0,LINE 77757,18.78,Unknown,S,3,0,0,Adulto
361,1,3,"Martínez, Mr. Luis",male,4.7,0,0,SOTON 23277,9.42,Unknown,S,1,1,0,Niño
362,1,3,"Scott, Mr. George",male,9.8,1,0,C.A. 89476,6.71,Unknown,S,2,0,0,Niño
363,1,3,"Young, Mr. Miguel",male,29.9,0,0,SOTON 79296,7.19,G105,S,1,1,1,Adulto
364,0,3,"Wilson, Mr. Henry",male,22.0,0,0,PC 54926,19.65,Unknown,S,1,1,0,Adulto
365,1,1,"Hernández, Mrs. Elena",female,40.8,0,0,W./C. 45307,34.54,Unknown,S,1,1,0,Adulto
366,0,3,"Hall, Mr. Luis",male,29.9,0,0,A/5 72760,9.47,Unknown,S,1,1,0,Adulto
367,0,2,"Young, Mr. Samuel",male,32.7,0,0,C.A. 43263,23.34,Unknown,S,1,1,0,Adulto
368,0,3,"Evans, Mr. Charles",male,6.1,3,0,SOTON 88671,6.79,Unknown,C,4,0,0,Niño
369,0,1,"Roberts, Mr. Miguel",male,52.1,0,2,W./C. 82268,35.18,Unknown,C,3,0,0,Adulto
370,1,2,"Wright, Mr. George",male,8.2,0,1,SOTON 49266,14.76,Unknown,S,2,0,0,Niño
371,0,3,"Martínez, Mr. Robert",male,5.5,0,0,STON/O2 97139,11.65,Unknown,S,1,1,0,Niño
372,1,3,"Walker, Miss. Ethel",female,22.2,0,0,A/5 20978,14.38,Unknown,S,1,1,0,Adulto
373,0,1,"Young, Mr. Samuel",unknown,37.0,1,0,STON/O2 59008,154.3,Unknown,S,2,0,0,Adulto
374,0,1,"Brown, Mr. Miguel",male,17.9,1,2,PC 49788,46.27,Unknown,S,4,0,0,Joven
375,1,2,"Allen, Mrs. Elizabeth",female,38.5,0,1,STON/O2 1865,34.2,Unknown,S,2,0,0,Adulto
376,1,2,"Martínez, Mr. Arthur",male,11.2,0,1,C.A. 89914,26.0,Unknown,S,2,0,0,Niño
377,1,2,"Taylor, Mr. Luis",male,34.2,0,0,W./C. 19741,27.55,Unknown,Q,1,1,0,Adulto
378,1,1,"Taylor, Mrs. Isabella",female,41.8,0,0,W./C. 76569,154.73,Unknown,S,1,1,0,Adulto
379,1,1,"Clark, Mr. John",male,25.2,1,3,LINE 82498,177.7,Unknown,S,5,0,0,Adulto
380,1,1,"Allen, Mrs. Helen",female,26.6,2,1,W./C. 26552,190.02,A22,C,4,0,1,Adulto
381,0,3,"Young, Mr. William",male,30.4,0,0,W./C. 58902,11.11,Unknown,Q,1,1,0,Adulto
382,0,3,"Taylor, Mr. William",male,42.7,1,1,SOTON 33648,27.03,Unknown,S,3,0,0,Adulto
383,1,3,"Brown, Mr. Thomas",male,47.4,0,0,SOTON 81054,24.78,Unknown,S,1,1,0,Adulto
384,0,2,"Hall, Mr. Edward",male,45.1,0,0,C.A. 68919,33.36,Unknown,S,1,1,0,Adulto
385,0,3,"Martínez, Mr. Samuel",male,24.3,0,2,STON/O2 1923,11.88,Unknown,S,3,0,0,Adulto
386,0,3,"Davies, Mr. William",male,40.8,1,0,SOTON 72068,6.85,Unknown,Q,2,0,0,Adulto
387,1,3,"Ramírez, Miss. Isabella",female,29.9,0,3,SOTON 81174,21.46,Unknown,C,4,0,0,Adulto
388,1,1,"Taylor, Mr. William",male,52.1,2,0,SOTON 11076,53.2,Unknown,S,3,0,0,Adulto
389,0,2,"Walker, Miss. Ethel",female,29.9,0,0,PC 15271,34.09,D3,Q,1,1,1,Adulto
390,0,3,"Ramírez, Mr. John",male,39.2,0,0,A/5 82017,12.15,Unknown,S,1,1,0,Adulto
391,0,3,"Hall, Mr. Luis",male,29.9,2,0,SOTON 36493,26.95,Unknown,Q,3,0,0,Adulto
392,1,2,"Thomas, Miss. Alice",female,20.5,0,0,W./C. 42112,21.5,Unknown,Q,1,1,0,Adulto
393,1,3,"Martin, Mr. Alejandro",male,29.9,2,0,W./C. 19560,5.02,Unknown,S,3,0,0,Adulto
394,0,1,"Wilson, Mr. Miguel",male,33.7,0,0,LINE 15382,149.43,A56,C,1,1,1,Adulto
395,0,3,"López, Mr. Miguel",male,21.5,0,3,C.A. 38400,19.78,Unknown,S,4,0,0,Adulto
396,1,1,"Allen, Mr. Robert",male,29.9,0,0,PC 66594,71.96,Unknown,S,1,1,0,Adulto
397,0,2,"Taylor, Mr. John",male,0.3,1,0,SOTON 73752,78.72,F2,S,2,0,1,Niño
398,1,2,"Martin, Mr. William",male,47.4,1,0,SOTON 45553,13.74,E19,C,2,0,1,Adulto
399,1,3,"Lewis, Mr. Henry",male,41.0,0,0,SOTON 66204,20.75,Unknown,C,1,1,0,Adulto
400,0,3,"Roberts, Mr. Miguel",male,28.2,0,0,A/5 63722,17.4,Unknown,S,1,1,0,Adulto
401,1,3,"Scott, Mrs. Margaret",female,34.9,0,0,A/5 17530,11.27,Unknown,S,1,1,0,Adulto
402,0,1,"Johnson, Mr. John",male,29.9,0,1,LINE 12573,169.61,Unknown,Q,2,0,0,Adulto
403,1,3,"López, Miss. Margaret",female,29.9,0,0,STON/O2 96365,11.56,Unknown,S,1,1,0,Adulto
404,0,3,"Clark, Mr. Daniel",male,48.2,1,0,C.A. 96505,26.96,Unknown,C,2,0,0,Adulto
405,0,1,"López, Mr. John",male,38.3,0,0,A/5 79134,140.78,Unknown,S,1,1,0,Adulto
406,1,2,"Martin, Mrs. María",female,29.9,0,2,W./C. 39957,23.26,D117,S,3,0,1,Adulto
407,0,3,"Martin, Mr. John",male,61.1,1,0,LINE 38295,14.86,Unknown,S,2,0,0,Adulto mayor
408,1,1,"López, Mrs. Anna",female,27.7,5,0,STON/O2 67127,74.93,E142,S,6,0,1,Adulto
409,1,3,"Lewis, Mrs. Anna",female,29.9,0,0,LINE 49403,7.26,Unknown,S,1,1,0,Adulto
410,0,3,"Lewis, Mr. Luis",male,16.1,0,1,W./C. 76150,38.32,Unknown,Q,2,0,0,Joven
411,1,3,"King, Mrs. Elena",female,29.9,0,0,STON/O2 93237,12.21,Unknown,S,1,1,0,Adulto
412,0,3,"Lewis, Miss. Lucía",female,24.6,1,0,STON/O2 33586,18.26,Unknown,S,2,0,0,Adulto
413,0,3,"Martin, Mr. Charles",male,50.6,0,1,W./C. 96836,17.4,Unknown,S,2,0,0,Adulto
414,1,3,"Martínez, Mr. Arthur",male,0.3,1,0,SOTON 29548,25.78,Unknown,S,2,0,0,Niño
415,0,3,"Walker, Mr. James",male,29.9,0,0,STON/O2 63003,34.5,Unknown,S,1,1,0,Adulto
416,1,2,"Ramírez, Mr. Charles",male,29.9,0,0,STON/O2 49920,17.13,Unknown,S,1,1,0,Adulto
417,0,3,"Green, Mr. Daniel",male,29.9,1,0,STON/O2 59007,16.97,Unknown,S,2,0,0,Adulto
418,1,3,"Martínez, Mrs. Isabella",female,29.9,0,0,PC 85714,9.71,Unknown,S,1,1,0,Adulto
419,0,3,"Scott, Mr. Luis",male,56.6,0,0,SOTON 2119,5.92,Unknown,S,1,1,0,Adulto
420,0,3,"Green, Mr. John",male,18.6,0,0,A/5 83413,8.72,E137,S,1,1,1,Joven
421,0,3,"Davies, Mr. Samuel",male,11.9,0,0,STON/O2 63198,32.96,Unknown,C,1,1,0,Niño
422,0,1,"Martin, Mr. Henry",male,26.5,1,0,C.A. 85192,151.2,Unknown,S,2,0,0,Adulto
423,0,3,"Smith, Mr. Miguel",male,32.0,5,2,LINE 32803,8.03,Unknown,S,8,0,0,Adulto
424,1,3,"Wright, Miss. Sofía",female,19.9,0,2,STON/O2 27097,14.91,Unknown,S,3,0,0,Joven
425,0,3,"Thomas, Miss. Elizabeth",female,22.8,0,0,PC 77808,8.18,Unknown,S,1,1,0,Adulto
426,1,1,"Brown, Mrs. Edith",female,49.2,1,2,A/5 48608,94.06,Unknown,S,4,0,0,Adulto
427,1,3,"Brown, Mrs. Sofía",female,39.6,0,0,LINE 4758,12.63,Unknown,C,1,1,0,Adulto
428,1,1,"Scott, Mrs. Emily",female,29.1,0,3,C.A. 16813,252.11,Unknown,S,4,0,0,Adulto
429,1,3,"López, Mr. Alejandro",male,9.8,1,0,C.A. 36332,5.32,Unknown,S,2,0,0,Niño
430,0,3,"King, Miss. Elena",female,29.9,0,0,LINE 35881,7.11,Unknown,C,1,1,0,Adulto
431,1,3,"Martínez, Miss. Emily",female,29.9,1,0,STON/O2 8992,11.77,Unknown,S,2,0,0,Adulto
432,0,3,"Evans, Mr. Charles",male,19.2,0,0,W./C. 5288,29.9,Unknown,S,1,1,0,Joven
433,1,3,"Evans, Mrs. Ethel",female,26.4,0,0,C.A. 9358,14.61,Unknown,S,1,1,0,Adulto
434,1,2,"Lewis, Mr. Alejandro",male,54.9,0,0,LINE 25902,4.06,Unknown,S,1,1,0,Adulto
435,1,1,"Thomas, Mr. Charles",male,20.0,1,0,LINE 19925,192.34,C37,S,2,0,1,Adulto
436,1,2,"Martin, Mr. Henry",male,37.2,1,0,C.A. 98843,12.66,Unknown,C,2,0,0,Adulto
437,0,3,"Hernández, Mrs. Elizabeth",female,30.8,0,0,LINE 6858,2.51,Unknown,S,1,1,0,Adulto
438,1,3,"Davies, Mr. Samuel",male,42.1,0,0,SOTON 33169,5.4,Unknown,C,1,1,0,Adulto
439,0,3,"Thomas, Mr. Samuel",male,24.3,2,1,SOTON 50564,12.88,Unknown,C,4,0,0,Adulto
440,1,2,"Clark, Miss. Ethel",female,3.6,0,0,C.A. 65402,22.52,Unknown,S,1,1,0,Niño
441,1,3,"Ramírez, Mr. Edward",male,13.6,0,0,W./C. 45996,17.59,Unknown,S,1,1,0,Joven
442,0,1,"Hernández, Mr. Carlos",male,48.6,0,0,W./C. 83103,83.3,Unknown,S,1,1,0,Adulto
443,0,2,"Wilson, Mrs. Anna",female,29.9,0,0,C.A. 68282,59.46,Unknown,S,1,1,0,Adulto
444,0,3,"Smith, Mr. Edward",male,42.5,0,1,SOTON 17480,19.56,Unknown,C,2,0,0,Adulto
445,0,3,"Smith, Mr. Henry",male,54.9,0,0,STON/O2 91694,16.26,Unknown,C,1,1,0,Adulto
446,0,2,"Johnson, Mr. Alejandro",male,29.9,0,0,STON/O2 89656,33.52,Unknown,S,1,1,0,Adulto
447,0,3,"Martin, Mrs. Mary",female,44.7,0,0,SOTON 95871,6.99,Unknown,S,1,1,0,Adulto
448,1,3,"García, Mrs. Edith",female,42.4,1,0,PC 91705,34.44,Unknown,S,2,0,0,Adulto
449,1,2,"Scott, Mrs. Elena",female,44.0,0,2,PC 81239,22.31,Unknown,S,3,0,0,Adulto
450,0,1,"Green, Mr. Carlos",male,29.9,1,3,W./C. 15570,35.39,Unknown,S,5,0,0,Adulto
451,1,1,"King, Mr. Charles",male,29.9,2,0,SOTON 3300,126.3,Unknown,C,3,0,0,Adulto
452,0,1,"García, Mr. Henry",male,24.5,1,0,W./C. 90003,30.01,Unknown,S,2,0,0,Adulto
453,0,2,"Lewis, Mr. Robert",male,25.6,0,1,STON/O2 81080,25.07,Unknown,S,2,0,0,Adulto
454,0,3,"King, Mr. James",male,28.4,0,0,LINE 25428,16.7,Unknown,S,1,1,0,Adulto
455,0,3,"Thomas, Mr. Alejandro",male,43.7,0,0,PC 10664,9.37,Unknown,S,1,1,0,Adulto
456,0,3,"Johnson, Mr. Daniel",male,32.5,0,0,PC 93741,5.91,Unknown,Q,1,1,0,Adulto
457,1,1,"Smith, Mrs. Lucía",female,46.1,1,0,W./C. 98233,73.43,Unknown,C,2,0,0,Adulto
458,0,1,"Clark, Mr. Daniel",male,34.1,1,1,LINE 83947,58.94,Unknown,S,3,0,0,Adulto
459,0,2,"King, Mr. George",male,25.4,1,3,W./C. 57685,25.78,Unknown,S,5,0,0,Adulto
460,0,3,"Taylor, Mr. Daniel",male,21.8,0,1,A/5 68404,18.51,Unknown,S,2,0,0,Adulto
461,0,3,"Allen, Mr. John",male,53.3,0,0,LINE 54548,16.15,Unknown,Q,1,1,0,Adulto
462,1,2,"Roberts, Miss. María",female,7.9,0,0,SOTON 56417,17.76,Unknown,S,1,1,0,Niño
463,0,3,"Wilson, Mr. Edward",male,59.5,0,1,PC 56485,19.75,Unknown,S,2,0,0,Adulto
464,0,1,"Lewis, Mr. George",male,29.9,1,0,LINE 86193,216.38,Unknown,S,2,0,0,Adulto
465,0,1,"Evans, Mr. Luis",male,35.2,0,0,W./C. 7803,248.55,Unknown,S,1,1,0,Adulto
466,1,2,"Wilson, Mrs. Elizabeth",female,26.2,1,1,C.A. 96450,14.07,Unknown,C,3,0,0,Adulto
467,1,2,"Wright, Mr. Charles",male,10.7,0,2,W./C. 47317,18.49,Unknown,Q,3,0,0,Niño
468,0,1,"Davies, Mr. Carlos",male,29.9,1,0,C.A. 58086,160.21,Unknown,S,2,0,0,Adulto
469,1,2,"Hernández, Mr. Charles",male,36.1,1,0,PC 31669,23.22,Unknown,C,2,0,0,Adulto
470,0,3,"Scott, Mrs. Margaret",female,36.0,1,0,SOTON 90882,10.97,Unknown,S,2,0,0,Adulto
471,1,1,"Scott, Mr. Thomas",male,51.8,0,0,LINE 63691,40.81,Unknown,S,1,1,0,Adulto
472,1,3,"Scott, Miss. Margaret",female,2.8,2,0,SOTON 65758,8.96,Unknown,C,3,0,0,Niño
473,0,3,"Clark, Mr. Luis",male,29.9,3,0,STON/O2 46631,12.06,Unknown,C,4,0,0,Adulto
474,0,2,"Davies, Mr. Charles",male,13.6,0,0,STON/O2 64151,22.32,Unknown,S,1,1,0,Joven
475,0,3,"King, Miss. Mary",female,23.9,0,2,LINE 80168,21.35,Unknown,S,3,0,0,Adulto
476,0,1,"López, Mr. John",male,29.9,0,0,STON/O2 36093,79.35,D123,S,1,1,1,Adulto
477,0,2,"Wilson, Mr. Samuel",male,29.9,1,0,W./C. 44930,10.14,Unknown,S,2,0,0,Adulto
478,1,1,"Allen, Mrs. Camila",female,30.0,0,0,W./C. 12835,159.74,Unknown,S,1,1,0,Adulto
479,1,3,"Brown, Miss. Edith",female,23.1,0,0,LINE 95247,32.59,Unknown,S,1,1,0,Adulto
480,1,3,"García, Mr. Luis",male,7.2,0,3,C.A. 23409,8.04,Unknown,C,4,0,0,Niño
481,0,3,"Wright, Miss. Anna",female,29.9,0,1,SOTON 47115,8.65,Unknown,S,2,0,0,Adulto
482,0,1,"Smith, Mr. John",male,41.0,1,0,A/5 69445,67.7,Unknown,C,2,0,0,Adulto
483,0,3,"Roberts, Mr. John",male,29.9,0,1,STON/O2 87226,11.56,Unknown,S,2,0,0,Adulto
484,1,1,"Lewis, Miss. Sofía",female,29.9,0,1,SOTON 59204,70.68,Unknown,S,2,0,0,Adulto
485,0,2,"Thomas, Mr. Daniel",male,45.2,0,0,STON/O2 20834,34.96,Unknown,S,1,1,0,Adulto
486,0,3,"Thomas, Mr. James",male,29.9,0,0,W./C. 91732,17.44,Unknown,S,1,1,0,Adulto
487,0,3,"López, Mr. Carlos",male,27.2,1,0,SOTON 94179,16.73,Unknown,S,2,0,0,Adulto
488,0,3,"Young, Mr. Luis",male,39.6,0,0,C.A. 23701,7.99,Unknown,S,1,1,0,Adulto
489,1,3,"Evans, Mrs. Sofía",female,29.9,4,1,PC 83202,4.99,Unknown,S,6,0,0,Adulto
490,1,3,"Scott, Miss. Lucía",female,14.3,0,0,A/5 57746,30.44,Unknown,S,1,1,0,Joven
491,0,1,"Martin, Mr. George",male,32.5,0,1,W./C. 23510,87.38,Unknown,S,2,0,0,Adulto
492,1,3,"Green, Mr. George",male,12.6,0,3,A/5 59963,5.26,Unknown,S,4,0,0,Niño
493,1,3,"Lewis, Mrs. Helen",female,36.5,0,0,A/5 84778,5.42,Unknown,C,1,1,0,Adulto
494,0,3,"Scott, Mrs. Margaret",female,29.9,1,0,STON/O2 61583,32.31,Unknown,C,2,0,0,Adulto
495,1,1,"Ramírez, Mr. John",male,41.8,1,0,C.A. 29922,105.89,Unknown,S,2,0,0,Adulto
496,1,1,"Wright, Mrs. Camila",female,30.0,0,0,C.A. 17628,27.81,B110,S,1,1,1,Adulto
497,1,2,"Wilson, Mr. Daniel",male,53.5,0,0,STON/O2 55116,28.5,Unknown,S,1,1,0,Adulto
498,1,3,"Roberts, Miss. Elena",female,21.3,0,0,PC 52803,6.88,Unknown,S,1,1,0,Adulto
499,0,3,"Roberts, Mrs. Mary",female,46.3,0,0,W./C. 23939,6.9,Unknown,S,1,1,0,Adulto
500,1,2,"Clark, Mrs. Elizabeth",female,40.8,0,1,PC 12555,38.63,Unknown,C,2,0,0,Adulto
501,0,3,"Ramírez, Mrs. Lucía",female,36.0,1,0,A/5 46683,10.61,Unknown,S,2,0,0,Adulto
502,0,2,"López, Mr. Arthur",male,21.2,0,0,C.A. 7366,35.88,E119,S,1,1,1,Adulto
503,0,3,"Scott, Mr. William",male,11.2,0,0,PC 41710,4.78,Unknown,S,1,1,0,Niño
504,1,3,"Wright, Mr. Thomas",male,31.6,0,0,SOTON 46622,31.61,Unknown,S,1,1,0,Adulto
505,0,3,"Thomas, Mr. Charles",male,45.7,0,0,STON/O2 21124,5.45,Unknown,S,1,1,0,Adulto
506,1,1,"Clark, Mrs. Alice",female,27.8,0,0,LINE 15460,92.14,Unknown,S,1,1,0,Adulto
507,1,1,"Clark, Mrs. Helen",female,26.1,0,0,SOTON 76121,35.04,Unknown,S,1,1,0,Adulto
508,1,3,"Young, Mr. Miguel",male,9.4,0,0,LINE 10122,9.13,Unknown,S,1,1,0,Niño
509,0,1,"Taylor, Mr. William",male,39.3,2,2,C.A. 66794,89.51,Unknown,S,5,0,0,Adulto
510,0,1,"Young, Mr. William",male,30.4,0,0,STON/O2 48150,44.15,Unknown,S,1,1,0,Adulto
511,0,3,"Young, Mr. Carlos",male,15.6,1,0,W./C. 35417,12.97,Unknown,S,2,0,0,Joven
512,1,3,"Martin, Mr. Miguel",male,48.9,0,0,W./C. 23071,18.62,Unknown,S,1,1,0,Adulto
513,0,3,"Brown, Mr. Thomas",male,73.0,1,2,LINE 41262,37.18,Unknown,S,4,0,0,Adulto mayor
514,0,2,"Young, Mr. Alejandro",male,25.6,0,0,SOTON 30057,18.01,Unknown,S,1,1,0,Adulto
515,1,2,"Smith, Miss. Sofía",female,0.3,1,0,C.A. 90177,16.9,Unknown,S,2,0,0,Niño
516,0,3,"Evans, Mr. John",male,29.0,0,0,PC 20791,4.92,Unknown,S,1,1,0,Adulto
517,1,2,"Martínez, Mrs. Helen",female,44.6,2,0,LINE 88959,15.2,Unknown,S,3,0,0,Adulto
518,0,3,"Martin, Mr. James",male,43.6,0,1,C.A. 62447,8.91,Unknown,S,2,0,0,Adulto
519,0,3,"López, Mr. Alejandro",male,20.0,0,2,PC 79773,17.25,Unknown,S,3,0,0,Adulto
520,1,2,"López, Mrs. Sofía",female,27.2,0,0,W./C. 24684,40.0,Unknown,S,1,1,0,Adulto
521,0,3,"López, Mr. Thomas",male,36.6,2,0,A/5 63574,14.47,Unknown,Q,3,0,0,Adulto
522,0,2,"López, Mr. Miguel",male,29.5,4,0,STON/O2 34730,15.93,Unknown,S,5,0,0,Adulto
523,1,3,"Martínez, Mr. Charles",male,34.9,1,2,C.A. 24107,4.21,Unknown,C,4,0,0,Adulto
524,0,3,"Thomas, Mrs. Margaret",female,38.8,0,0,W./C. 28365,7.16,Unknown,S,1,1,0,Adulto
525,0,3,"Allen, Mr. Thomas",male,18.5,0,0,PC 77623,20.48,Unknown,S,1,1,0,Joven
526,0,3,"King, Mr. Daniel",male,12.6,0,3,W./C. 15447,18.31,Unknown,C,4,0,0,Niño
527,0,3,"Thomas, Mr. Charles",male,29.9,0,0,SOTON 82039,10.56,Unknown,C,1,1,0,Adulto
528,0,3,"Walker, Mr. Daniel",male,37.7,0,2,LINE 52449,17.49,Unknown,S,3,0,0,Adulto
529,1,2,"Johnson, Miss. Helen",female,20.0,0,0,LINE 86695,31.53,Unknown,S,1,1,0,Adulto
530,0,3,"Wilson, Mr. Alejandro",male,19.1,2,0,SOTON 64414,23.44,Unknown,S,3,0,0,Joven
531,1,3,"Green, Miss. Camila",female,20.9,0,0,SOTON 94186,20.45,Unknown,S,1,1,0,Adulto
532,1,1,"Thomas, Mr. Robert",male,7.8,0,0,SOTON 90030,174.02,Unknown,S,1,1,0,Niño
533,1,2,"Wright, Mrs. Lucía",female,36.5,1,0,STON/O2 93513,25.95,Unknown,C,2,0,0,Adulto
534,1,3,"Thomas, Miss. Ethel",female,20.8,0,0,A/5 69046,19.74,Unknown,S,1,1,0,Adulto
535,0,3,"Martínez, Mr. George",male,45.8,3,0,PC 54392,19.32,Unknown,S,4,0,0,Adulto
536,0,3,"Ramírez, Mr. Thomas",male,66.5,0,0,C.A. 57479,14.57,Unknown,S,1,1,0,Adulto mayor
537,1,2,"King, Miss. Mary",female,8.7,1,0,STON/O2 26133,20.33,Unknown,S,2,0,0,Niño
538,0,2,"Johnson, Mr. Daniel",male,46.9,0,0,PC 26381,65.66,Unknown,Q,1,1,0,Adulto
539,1,2,"Martínez, Mrs. María",female,29.0,1,0,A/5 52865,18.56,Unknown,C,2,0,0,Adulto
540,1,1,"Ramírez, Mr. Robert",male,27.3,0,0,PC 48273,149.34,Unknown,S,1,1,0,Adulto
541,1,1,"Allen, Mrs. Ethel",female,41.5,0,0,C.A. 5829,59.64,Unknown,S,1,1,0,Adulto
542,1,3,"Brown, Mrs. Alice",female,47.9,0,0,A/5 50536,9.36,Unknown,S,1,1,0,Adulto
543,1,1,"Ramírez, Mr. Arthur",male,29.9,2,0,C.A. 62444,39.85,Unknown,S,3,0,0,Adulto
544,0,3,"Hernández, Mr. George",male,29.9,0,1,W./C. 40167,8.77,Unknown,S,2,0,0,Adulto
545,1,3,"Roberts, Miss. Elena",female,20.6,4,0,W./C. 60030,17.85,Unknown,S,5,0,0,Adulto
546,1,3,"Wilson, Mr. John",male,34.2,0,2,LINE 22360,22.27,G179,C,3,0,1,Adulto
547,1,3,"Ramírez, Mrs. Helen",female,34.3,0,4,SOTON 12984,8.51,Unknown,S,5,0,0,Adulto
548,0,2,"Allen, Mr. Samuel",male,6.7,0,0,STON/O2 13934,37.93,Unknown,S,1,1,0,Niño
549,1,1,"Clark, Mrs. Isabella",female,46.4,0,2,C.A. 53585,76.63,Unknown,S,3,0,0,Adulto
550,1,3,"Thomas, Miss. Florence",female,20.4,1,0,LINE 13209,17.96,Unknown,S,2,0,0,Adulto
551,1,1,"King, Mrs. María",female,27.5,0,0,C.A. 72003,169.86,Unknown,S,1,1,0,Adulto
552,0,3,"Hernández, Mr. Samuel",male,21.1,1,0,SOTON 98085,12.68,Unknown,S,2,0,0,Adulto
553,1,1,"Green, Mrs. Elizabeth",unknown,43.2,0,0,PC 36753,81.45,E125,S,1,1,1,Adulto
554,1,3,"Johnson, Mr. George",male,19.2,0,0,PC 92760,5.59,Unknown,S,1,1,0,Joven
555,0,3,"Walker, Mr. Carlos",male,1.7,0,0,A/5 16482,12.3,Unknown,S,1,1,0,Niño
556,0,3,"Wilson, Mr. Carlos",male,17.9,0,0,LINE 64751,23.07,Unknown,S,1,1,0,Joven
557,0,3,"Evans, Mr. Robert",male,66.0,1,0,SOTON 29937,4.88,Unknown,S,2,0,0,Adulto mayor
558,0,3,"Clark, Miss. Elena",female,29.9,0,1,LINE 74782,5.58,Unknown,S,2,0,0,Adulto
559,0,3,"Scott, Mrs. Margaret",female,34.7,1,0,PC 78191,21.12,Unknown,S,2,0,0,Adulto
560,0,3,"Walker, Mr. Daniel",male,19.4,0,0,LINE 61587,9.28,Unknown,S,1,1,0,Joven
561,1,3,"Ramírez, Mrs. Elizabeth",female,34.5,2,0,A/5 91407,4.14,Unknown,S,3,0,0,Adulto
562,0,3,"King, Mr. Luis",male,31.9,5,0,PC 83341,7.72,Unknown,S,6,0,0,Adulto
563,1,3,"Martin, Miss. Sofía",female,1.8,2,2,PC 93598,6.33,Unknown,S,5,0,0,Niño
564,0,3,"Johnson, Mr. Thomas",male,30.0,0,0,A/5 79226,6.86,Unknown,C,1,1,0,Adulto
565,0,3,"Johnson, Mr. James",male,9.7,0,0,PC 58239,8.1,Unknown,Q,1,1,0,Niño
566,0,2,"Allen, Mr. Carlos",male,72.6,0,2,C.A. 41242,46.79,F7,S,3,0,1,Adulto mayor
567,1,3,"Evans, Miss. Margaret",female,1.6,0,0,SOTON 5127,6.15,Unknown,S,1,1,0,Niño
568,1,3,"Clark, Mr. Luis",male,35.5,0,0,W./C. 13811,14.31,Unknown,C,1,1,0,Adulto
569,1,1,"Thomas, Miss. Isabella",female,2.2,0,0,STON/O2 30195,131.1,C79,S,1,1,1,Niño
570,0,3,"Johnson, Mr. Alejandro",male,29.6,0,1,STON/O2 43732,6.67,Unknown,S,2,0,0,Adulto
571,0,3,"Hall, Mr. Thomas",male,29.9,2,0,PC 44390,37.4,Unknown,S,3,0,0,Adulto
572,0,3,"Roberts, Mr. Charles",male,29.9,1,2,SOTON 81004,4.76,Unknown,S,4,0,0,Adulto
573,1,3,"Scott, Mr. George",male,29.9,0,0,A/5 84158,26.72,Unknown,S,1,1,0,Adulto
574,1,3,"Ramírez, Mr. Samuel",male,15.6,0,0,SOTON 92725,13.07,E26,S,1,1,1,Joven
575,1,2,"Young, Miss. Anna",female,8.1,2,0,W./C. 38646,10.7,Unknown,S,3,0,0,Niño
576,1,1,"Taylor, Miss. Mary",female,29.9,0,0,STON/O2 73692,50.47,Unknown,S,1,1,0,Adulto
577,1,3,"Johnson, Mr. William",male,30.9,1,0,SOTON 86230,7.2,Unknown,S,2,0,0,Adulto
578,1,1,"García, Mr. George",male,29.9,0,2,PC 84854,91.84,Unknown,C,3,0,0,Adulto
579,0,2,"Green, Mr. Arthur",male,40.8,1,0,SOTON 95304,45.36,Unknown,C,2,0,0,Adulto
580,1,3,"Wilson, Miss. Isabella",female,23.1,1,0,W./C. 50742,16.56,Unknown,S,2,0,0,Adulto
581,0,2,"Wright, Mr. Arthur",male,22.2,0,2,STON/O2 51711,14.98,Unknown,Q,3,0,0,Adulto
582,1,2,"García, Mr. Henry",male,29.9,0,2,LINE 26137,25.19,Unknown,S,3,0,0,Adulto
583,0,1,"Scott, Mrs. Margaret",female,31.9,1,0,SOTON 3471,155.58,Unknown,S,2,0,0,Adulto
584,0,1,"Green, Mr. Alejandro",male,21.4,0,1,LINE 51944,43.3,Unknown,S,2,0,0,Adulto
585,0,2,"Hall, Mr. Charles",male,71.4,0,0,STON/O2 87807,14.8,Unknown,S,1,1,0,Adulto mayor
586,1,3,"Lewis, Mr. Arthur",male,29.9,1,0,A/5 84737,6.16,Unknown,S,2,0,0,Adulto
587,0,1,"Davies, Mr. John",male,41.0,0,0,A/5 68835,109.49,Unknown,S,1,1,0,Adulto
588,0,3,"García, Mrs. Emily",female,42.1,0,0,LINE 67625,19.19,Unknown,S,1,1,0,Adulto
589,0,2,"Ramírez, Mr. Thomas",male,20.0,1,0,SOTON 31954,13.04,Unknown,S,2,0,0,Adulto
590,1,3,"Martínez, Mr. Robert",male,36.7,1,0,PC 16425,8.47,Unknown,S,2,0,0,Adulto
591,0,1,"Allen, Mr. Arthur",male,35.3,2,0,C.A. 42917,45.33,Unknown,S,3,0,0,Adulto
592,0,3,"Hall, Mr. Edward",male,44.5,0,0,SOTON 78164,9.81,Unknown,S,1,1,0,Adulto
593,0,3,"Scott, Mrs. Edith",female,48.7,0,2,C.A. 11874,13.99,Unknown,S,3,0,0,Adulto
594,1,3,"Walker, Mrs. Camila",female,42.5,2,0,C.A. 56794,8.82,Unknown,S,3,0,0,Adulto
595,1,3,"López, Mr. William",male,24.7,0,0,STON/O2 5729,7.95,Unknown,S,1,1,0,Adulto
596,1,3,"King, Mrs. Helen",female,45.8,0,0,C.A. 6479,17.11,Unknown,Q,1,1,0,Adulto
597,1,2,"García, Miss. Margaret",female,29.9,0,0,W./C. 85214,39.54,Unknown,S,1,1,0,Adulto
598,0,3,"Wilson, Mr. Carlos",male,29.9,1,0,C.A. 75686,5.8,Unknown,S,2,0,0,Adulto
599,0,3,"Evans, Mr. Carlos",male,15.9,0,0,STON/O2 94258,12.19,Unknown,C,1,1,0,Joven
600,0,3,"Martínez, Mr. Samuel",male,29.9,5,0,A/5 35945,11.8,Unknown,S,6,0,0,Adulto
601,0,1,"Hernández, Mr. Daniel",male,42.0,1,2,A/5 36617,113.52,Unknown,S,4,0,0,Adulto
602,0,3,"Roberts, Mr. Daniel",male,48.3,1,0,W./C. 6009,25.93,Unknown,S,2,0,0,Adulto
603,1,1,"Wilson, Mr. George",male,29.9,0,0,C.A. 36169,58.04,E75,Q,1,1,1,Adulto
604,0,3,"Green, Mr. Robert",male,5.9,0,0,LINE 75579,38.99,Unknown,C,1,1,0,Niño
605,1,3,"Evans, Mrs. Elena",female,29.9,0,1,C.A. 78562,12.99,Unknown,C,2,0,0,Adulto
606,1,2,"Young, Mr. Arthur",male,30.6,0,1,PC 6966,41.03,Unknown,S,2,0,0,Adulto
607,0,3,"Wright, Miss. Margaret",female,6.9,0,0,SOTON 9908,19.62,Unknown,S,1,1,0,Niño
608,1,1,"Davies, Miss. Helen",female,3.1,1,0,SOTON 88745,41.88,C135,S,2,0,1,Niño
609,1,3,"King, Mrs. María",female,31.5,0,0,PC 13443,15.36,Unknown,Q,1,1,0,Adulto
610,0,1,"Martínez, Mr. Carlos",male,19.7,0,0,W./C. 42693,23.24,Unknown,S,1,1,0,Joven
611,0,3,"Young, Mr. Carlos",male,29.9,0,0,STON/O2 94685,14.92,Unknown,S,1,1,0,Adulto
612,0,3,"Martin, Mrs. Ethel",female,37.6,0,0,W./C. 81624,9.25,Unknown,S,1,1,0,Adulto
613,0,2,"Allen, Mr. Carlos",male,39.5,0,3,W./C. 75349,34.76,Unknown,S,4,0,0,Adulto
614,1,1,"Martínez, Mrs. Edith",female,35.7,2,0,SOTON 51838,130.65,Unknown,S,3,0,0,Adulto
615,0,1,"Scott, Mr. Carlos",male,29.9,1,1,A/5 73101,103.5,Unknown,S,3,0,0,Adulto
616,0,1,"Johnson, Miss. Isabella",female,14.5,0,0,W./C. 87331,13.75,Unknown,C,1,1,0,Joven
617,1,1,"Evans, Miss. Anna",female,29.9,0,0,A/5 87926,9.7,Unknown,S,1,1,0,Adulto
618,0,3,"García, Mr. Henry",male,29.9,0,0,LINE 62012,13.03,Unknown,S,1,1,0,Adulto
619,0,3,"Brown, Mrs. Edith",female,38.5,0,0,SOTON 21947,12.13,Unknown,C,1,1,0,Adulto
620,1,3,"López, Mr. William",male,31.9,0,0,PC 54195,24.29,Unknown,S,1,1,0,Adulto
621,1,3,"Young, Mr. Daniel",male,12.8,0,0,A/5 30240,14.01,Unknown,Q,1,1,0,Niño
622,1,3,"Allen, Miss. Edith",female,3.0,0,0,PC 53396,12.99,Unknown,C,1,1,0,Niño
623,0,1,"García, Mr. Henry",male,27.0,0,1,STON/O2 72056,151.45,Unknown,S,2,0,0,Adulto
624,1,1,"Roberts, Mrs. Helen",female,36.9,0,1,SOTON 81448,95.7,Unknown,S,2,0,0,Adulto
625,1,3,"Allen, Mr. Thomas",male,35.6,0,0,W./C. 21399,18.78,Unknown,C,1,1,0,Adulto
626,0,2,"Lewis, Mr. Charles",male,47.6,0,0,SOTON 8470,16.65,Unknown,S,1,1,0,Adulto
627,0,3,"Roberts, Mr. Robert",male,27.9,3,1,LINE 49370,7.68,Unknown,Q,5,0,0,Adulto
628,0,3,"Martínez, Mr. James",male,28.2,0,0,A/5 48523,15.88,Unknown,S,1,1,0,Adulto
629,0,3,"Scott, Miss. Sofía",female,24.3,0,0,STON/O2 84890,14.65,Unknown,S,1,1,0,Adulto
630,1,3,"Wilson, Mrs. Anna",female,46.4,2,0,W./C. 55390,7.89,Unknown,S,3,0,0,Adulto
631,0,3,"Scott, Mr. Charles",male,36.8,0,0,SOTON 84855,14.72,Unknown,S,1,1,0,Adulto
632,1,3,"Hall, Mr. Charles",male,29.9,0,0,C.A. 56588,29.41,Unknown,S,1,1,0,Adulto
633,1,3,"Scott, Mr. Samuel",male,38.1,0,0,W./C. 26113,22.11,Unknown,S,1,1,0,Adulto
634,1,3,"Brown, Mr. Luis",male,13.0,0,0,PC 39818,12.15,Unknown,S,1,1,0,Joven
635,0,1,"Roberts, Mr. Arthur",male,54.6,0,0,SOTON 66165,74.89,Unknown,S,1,1,0,Adulto
636,0,2,"Thomas, Mr. Miguel",male,34.5,2,0,W./C. 83420,10.15,Unknown,C,3,0,0,Adulto
637,0,3,"López, Mr. Daniel",male,40.0,0,0,PC 36584,5.15,Unknown,S,1,1,0,Adulto
638,1,3,"López, Miss. Ethel",female,0.3,0,0,A/5 34930,6.37,Unknown,S,1,1,0,Niño
639,1,3,"Smith, Miss. Ethel",female,29.9,0,0,PC 27626,11.18,Unknown,C,1,1,0,Adulto
640,0,1,"Smith, Mr. Arthur",male,29.9,0,0,A/5 31991,164.21,Unknown,S,1,1,0,Adulto
641,0,2,"Evans, Mr. Robert",male,0.3,0,0,W./C. 21214,10.66,E153,S,1,1,1,Niño
642,1,1,"Allen, Miss. Margaret",female,22.2,0,1,C.A. 99408,192.68,Unknown,C,2,0,0,Adulto
643,0,3,"Roberts, Mr. Samuel",male,29.9,2,0,SOTON 12877,4.72,Unknown,S,3,0,0,Adulto
644,0,3,"Thomas, Mr. Henry",male,44.4,0,0,LINE 48646,67.77,Unknown,S,1,1,0,Adulto
645,1,3,"Allen, Mrs. Anna",female,43.6,0,0,STON/O2 11307,17.92,Unknown,Q,1,1,0,Adulto
646,1,1,"Roberts, Mr. Carlos",male,29.9,0,0,SOTON 24129,89.92,Unknown,S,1,1,0,Adulto
647,0,3,"Young, Mrs. Sofía",female,29.9,0,0,SOTON 79437,13.72,Unknown,S,1,1,0,Adulto
648,0,3,"Smith, Mr. James",male,44.4,0,0,SOTON 85102,20.22,Unknown,S,1,1,0,Adulto
649,0,2,"Green, Mr. Robert",male,29.9,0,0,SOTON 16046,41.56,Unknown,S,1,1,0,Adulto
650,1,3,"Green, Miss. Edith",female,22.2,0,0,LINE 98842,36.72,Unknown,C,1,1,0,Adulto
651,1,3,"Green, Mrs. Elizabeth",female,40.7,1,2,C.A. 90471,39.81,Unknown,C,4,0,0,Adulto
652,0,2,"Lewis, Mr. George",male,22.8,0,0,LINE 6525,7.95,Unknown,S,1,1,0,Adulto
653,0,3,"Walker, Mr. William",male,23.9,3,0,C.A. 41737,21.88,Unknown,S,4,0,0,Adulto
654,1,3,"Scott, Mr. Thomas",male,31.4,0,0,A/5 48525,8.38,Unknown,C,1,1,0,Adulto
655,1,3,"Young, Miss. Camila",female,12.4,0,0,W./C. 40653,13.26,Unknown,Q,1,1,0,Niño
656,0,3,"Johnson, Mrs. Edith",female,25.3,1,0,W./C. 27960,23.64,Unknown,S,2,0,0,Adulto
657,0,2,"Wright, Mr. Arthur",male,26.8,1,0,C.A. 55386,57.6,Unknown,S,2,0,0,Adulto
658,0,3,"Walker, Mrs. Emily",female,45.0,0,0,C.A. 32237,6.03,Unknown,S,1,1,0,Adulto
659,0,3,"García, Mr. George",male,38.7,1,3,LINE 37140,3.58,Unknown,S,5,0,0,Adulto
660,0,3,"Ramírez, Mr. Edward",male,0.3,0,0,LINE 31342,13.98,Unknown,S,1,1,0,Niño
661,0,3,"López, Mrs. Mary",female,38.1,3,0,PC 7149,5.29,Unknown,S,4,0,0,Adulto
662,1,3,"Clark, Mrs. Isabella",female,29.4,0,0,PC 89136,6.58,Unknown,S,1,1,0,Adulto
663,1,2,"Young, Mrs. Anna",female,29.9,1,0,PC 98500,132.95,Unknown,S,2,0,0,Adulto
664,1,2,"Taylor, Mrs. Anna",female,35.0,1,0,W./C. 22131,14.12,Unknown,Q,2,0,0,Adulto
665,1,3,"King, Mrs. Alice",female,29.9,0,0,SOTON 91357,19.46,Unknown,S,1,1,0,Adulto
666,1,1,"Brown, Mr. Miguel",male,29.9,0,0,A/5 83987,105.91,Unknown,S,1,1,0,Adulto
667,0,3,"Martínez, Mr. Henry",male,31.0,0,0,C.A. 51195,10.59,Unknown,S,1,1,0,Adulto
668,1,3,"Lewis, Mr. John",male,36.1,0,0,STON/O2 21993,19.95,Unknown,S,1,1,0,Adulto
669,1,3,"Young, Miss. Emily",female,24.6,0,0,W./C. 96309,36.95,Unknown,S,1,1,0,Adulto
670,1,1,"Allen, Mr. William",male,30.6,1,0,C.A. 50423,33.46,Unknown,S,2,0,0,Adulto
671,0,2,"Green, Mr. Samuel",male,29.9,4,2,C.A. 17189,28.14,Unknown,S,7,0,0,Adulto
672,1,3,"Young, Mr. Thomas",male,29.3,5,0,PC 7023,28.9,Unknown,C,6,0,0,Adulto
673,0,2,"Brown, Mr. John",male,29.9,0,1,W./C. 30487,26.13,Unknown,S,2,0,0,Adulto
674,1,2,"Johnson, Mrs. Edith",female,51.8,0,3,A/5 23441,47.28,Unknown,S,4,0,0,Adulto
675,0,3,"Thomas, Mr. James",male,38.1,1,0,W./C. 83860,11.8,Unknown,S,2,0,0,Adulto
676,0,3,"Young, Mr. George",male,4.5,0,0,STON/O2 56691,17.65,Unknown,S,1,1,0,Niño
677,1,2,"Smith, Mr. Alejandro",male,68.5,0,0,SOTON 71736,62.62,Unknown,S,1,1,0,Adulto mayor
678,0,3,"Brown, Mr. Samuel",male,56.5,0,2,A/5 46308,22.7,Unknown,S,3,0,0,Adulto
679,0,1,"Martin, Mrs. Elizabeth",female,27.1,0,0,STON/O2 57292,169.35,Unknown,C,1,1,0,Adulto
680,0,3,"Hernández, Mr. Samuel",male,33.6,4,1,PC 42182,16.93,Unknown,S,6,0,0,Adulto
681,1,1,"Davies, Mr. Miguel",male,29.9,0,0,A/5 16819,37.24,Unknown,S,1,1,0,Adulto
682,0,3,"Taylor, Mr. Arthur",male,13.7,0,0,C.A. 34388,25.38,Unknown,S,1,1,0,Joven
683,1,1,"Young, Mr. Alejandro",male,27.5,0,0,A/5 69600,47.92,Unknown,S,1,1,0,Adulto
684,1,3,"Wilson, Mrs. Florence",female,34.2,1,1,C.A. 98211,8.75,Unknown,C,3,0,0,Adulto
685,1,2,"Smith, Mr. Arthur",male,29.9,0,1,W./C. 86982,9.62,Unknown,S,2,0,0,Adulto
686,1,1,"Martínez, Mr. George",male,57.6,0,0,STON/O2 64382,96.22,Unknown,Q,1,1,0,Adulto
687,0,2,"Allen, Mr. Miguel",male,27.0,0,0,A/5 4635,29.47,Unknown,C,1,1,0,Adulto
688,0,3,"Evans, Mr. Robert",male,22.0,1,0,C.A. 5570,30.88,Unknown,S,2,0,0,Adulto
689,1,3,"Ramírez, Mr. Charles",male,9.6,0,0,STON/O2 44381,8.34,Unknown,S,1,1,0,Niño
690,0,1,"Johnson, Mrs. Helen",female,39.2,2,1,SOTON 53878,71.85,Unknown,S,4,0,0,Adulto
691,1,3,"Wright, Mr. John",male,33.1,0,0,C.A. 97206,10.79,Unknown,S,1,1,0,Adulto
692,0,3,"López, Mr. Robert",male,41.1,0,0,LINE 80055,7.94,Unknown,S,1,1,0,Adulto
693,1,3,"García, Mrs. Elena",female,38.1,0,2,A/5 12444,5.16,Unknown,S,3,0,0,Adulto
694,1,1,"Martin, Mr. James",male,36.5,0,2,W./C. 38291,146.03,Unknown,C,3,0,0,Adulto
695,1,2,"Davies, Miss. María",female,8.1,0,0,STON/O2 70848,91.34,F124,Q,1,1,1,Niño
696,0,3,"Scott, Mr. Henry",male,3.9,0,0,STON/O2 68530,43.89,Unknown,C,1,1,0,Niño
697,0,3,"Hernández, Mr. Arthur",male,4.9,0,0,PC 98266,13.14,Unknown,S,1,1,0,Niño
698,1,3,"Hernández, Mrs. Isabella",female,45.6,0,0,SOTON 81884,10.66,Unknown,C,1,1,0,Adulto
699,0,2,"Thomas, Mr. James",male,4.5,0,0,A/5 15446,14.2,Unknown,S,1,1,0,Niño
700,0,3,"López, Mrs. Anna",female,39.4,1,0,SOTON 75059,6.95,Unknown,S,2,0,0,Adulto
701,0,3,"Young, Mr. Luis",male,17.9,0,0,LINE 28338,12.28,Unknown,S,1,1,0,Joven
702,1,1,"Hall, Mr. James",male,46.1,0,0,C.A. 29753,80.38,Unknown,C,1,1,0,Adulto
703,1,2,"Martin, Mrs. Anna",female,29.9,0,0,A/5 93995,22.96,Unknown,C,1,1,0,Adulto
704,0,3,"López, Mr. Alejandro",male,28.1,0,0,STON/O2 41562,8.86,Unknown,S,1,1,0,Adulto
705,0,3,"Young, Mr. Carlos",male,29.9,0,0,SOTON 1165,27.1,Unknown,S,1,1,0,Adulto
706,0,3,"Scott, Mr. Miguel",male,20.9,0,0,STON/O2 13160,18.63,Unknown,S,1,1,0,Adulto
707,1,3,"Allen, Mrs. María",female,49.4,0,2,LINE 63227,16.81,Unknown,Q,3,0,0,Adulto
708,0,1,"Johnson, Mr. Thomas",male,65.5,0,1,C.A. 77093,12.49,Unknown,C,2,0,0,Adulto mayor
709,0,1,"Walker, Miss. Mary",female,22.5,0,0,STON/O2 99174,236.58,Unknown,Q,1,1,0,Adulto
710,1,1,"Thomas, Miss. Margaret",female,24.3,3,0,STON/O2 89383,104.38,Unknown,S,4,0,0,Adulto
711,0,2,"Martin, Mr. Alejandro",male,9.4,1,0,A/5 2970,30.78,Unknown,S,2,0,0,Niño
712,0,3,"Clark, Mr. Charles",male,23.1,1,0,C.A. 41965,28.82,Unknown,S,2,0,0,Adulto
713,1,3,"Evans, Mr. George",male,29.9,0,0,PC 49246,18.78,Unknown,S,1,1,0,Adulto
714,1,3,"Johnson, Mr. Carlos",male,29.9,1,0,C.A. 52314,31.1,Unknown,S,2,0,0,Adulto
715,1,3,"Hall, Mr. William",male,34.3,0,0,SOTON 85090,9.46,Unknown,S,1,1,0,Adulto
716,0,3,"López, Mr. Charles",male,35.8,0,0,W./C. 86504,6.61,Unknown,S,1,1,0,Adulto
717,0,3,"Lewis, Mr. James",male,29.5,1,0,PC 70670,14.01,Unknown,S,2,0,0,Adulto
718,0,1,"Martin, Mr. James",male,40.9,0,0,W./C. 2474,150.56,Unknown,S,1,1,0,Adulto
719,0,3,"Scott, Mr. Charles",male,25.1,3,1,C.A. 56645,16.12,Unknown,S,5,0,0,Adulto
720,0,1,"Allen, Mr. Thomas",male,49.6,0,0,C.A. 54628,116.6,Unknown,S,1,1,0,Adulto
721,0,3,"García, Mrs. Alice",female,29.9,0,0,W./C. 17260,9.78,Unknown,S,1,1,0,Adulto
722,1,3,"Martin, Miss. Edith",female,11.3,0,0,A/5 49916,25.79,Unknown,S,1,1,0,Niño
723,1,1,"Lewis, Mrs. Elena",female,54.6,0,0,A/5 47440,42.5,Unknown,C,1,1,0,Adulto
724,0,3,"Young, Mr. Thomas",male,1.9,0,0,W./C. 16631,7.48,Unknown,S,1,1,0,Niño
725,1,2,"Martínez, Mr. Henry",male,57.6,0,0,C.A. 5161,10.47,F127,S,1,1,1,Adulto
726,0,3,"Roberts, Mr. Thomas",male,14.9,0,0,STON/O2 77809,32.21,Unknown,S,1,1,0,Joven
727,0,3,"Clark, Miss. Alice",female,22.7,0,0,LINE 82414,17.22,Unknown,C,1,1,0,Adulto
728,0,3,"García, Mr. Luis",male,29.9,0,0,W./C. 99607,18.94,Unknown,S,1,1,0,Adulto
729,0,2,"López, Mr. Alejandro",male,29.9,1,0,SOTON 71699,10.53,Unknown,S,2,0,0,Adulto
730,0,3,"Johnson, Mr. Henry",male,16.6,0,0,C.A. 5572,7.13,Unknown,S,1,1,0,Joven
731,1,1,"Hall, Mr. Alejandro",male,7.4,0,0,C.A. 23477,188.37,Unknown,S,1,1,0,Niño
732,1,1,"Roberts, Mr. Thomas",male,8.5,0,1,STON/O2 90008,62.0,Unknown,S,2,0,0,Niño
733,1,1,"Smith, Mr. Robert",male,22.4,1,0,PC 1770,61.26,Unknown,Q,2,0,0,Adulto
734,0,2,"Taylor, Mr. Thomas",male,10.5,2,0,C.A. 57010,31.05,Unknown,C,3,0,0,Niño
735,1,2,"King, Mr. John",male,27.7,0,0,W./C. 10998,30.13,Unknown,C,1,1,0,Adulto
736,1,1,"Evans, Mrs. Anna",female,54.0,2,2,STON/O2 94739,55.27,Unknown,S,5,0,0,Adulto
737,0,3,"Allen, Mr. Arthur",male,24.7,0,0,PC 97663,9.39,Unknown,C,1,1,0,Adulto
738,0,3,"Clark, Mr. Robert",male,43.9,4,0,LINE 90291,8.15,Unknown,S,5,0,0,Adulto
739,1,3,"Hernández, Miss. Anna",female,29.9,1,1,PC 53317,12.71,Unknown,C,3,0,0,Adulto
740,0,2,"Roberts, Miss. Lucía",female,0.3,1,0,PC 37283,30.11,Unknown,S,2,0,0,Niño
741,0,2,"Ramírez, Mr. Alejandro",male,56.9,0,0,C.A. 11945,39.25,Unknown,S,1,1,0,Adulto
742,0,3,"Hall, Mr. Henry",male,49.2,0,0,PC 44550,11.66,Unknown,S,1,1,0,Adulto
743,0,3,"Taylor, Mr. Samuel",male,28.9,0,0,C.A. 47619,11.44,Unknown,S,1,1,0,Adulto
744,0,2,"Davies, Mr. Charles",male,31.4,1,2,W./C. 45764,43.39,Unknown,S,4,0,0,Adulto
745,1,1,"Evans, Mrs. Edith",female,29.9,1,0,A/5 73363,121.47,Unknown,Q,2,0,0,Adulto
746,0,2,"Green, Mr. Charles",male,34.0,0,0,C.A. 90653,7.45,Unknown,Q,1,1,0,Adulto
747,0,3,"Wright, Mr. James",male,39.1,0,4,STON/O2 66217,8.63,Unknown,C,5,0,0,Adulto
748,1,1,"Wilson, Mrs. Edith",female,29.9,0,0,A/5 35000,25.94,Unknown,S,1,1,0,Adulto
749,1,1,"Clark, Mr. Samuel",male,21.9,0,2,STON/O2 55475,32.78,Unknown,S,3,0,0,Adulto
750,0,2,"Lewis, Mr. Thomas",male,28.5,0,1,W./C. 25889,33.66,Unknown,S,2,0,0,Adulto
751,0,1,"Scott, Mr. Thomas",male,29.9,0,0,A/5 1515,88.4,A77,S,1,1,1,Adulto
752,1,2,"Thomas, Mrs. Ethel",female,57.7,0,1,STON/O2 88412,40.2,Unknown,S,2,0,0,Adulto
753,0,3,"Davies, Mr. Luis",male,9.2,4,0,C.A. 95037,6.75,Unknown,S,5,0,0,Niño
754,0,3,"López, Mr. Miguel",male,13.6,0,0,C.A. 3252,15.43,Unknown,S,1,1,0,Joven
755,0,3,"Martin, Mr. Charles",male,29.9,0,3,STON/O2 48407,2.06,Unknown,C,4,0,0,Adulto
756,0,3,"Martin, Mrs. Elizabeth",female,46.9,1,0,STON/O2 23447,14.67,Unknown,S,2,0,0,Adulto
757,1,3,"Johnson, Mr. James",male,2.5,0,0,SOTON 21153,7.49,Unknown,S,1,1,0,Niño
758,1,2,"Young, Mrs. Camila",female,26.3,0,2,SOTON 32029,33.44,Unknown,S,3,0,0,Adulto
759,0,2,"Brown, Mrs. Helen",female,61.6,0,0,W./C. 77287,20.18,Unknown,C,1,1,0,Adulto mayor
760,1,2,"Smith, Mr. Carlos",male,7.9,1,0,C.A. 90038,18.87,Unknown,S,2,0,0,Niño
761,0,3,"Wright, Mr. Samuel",male,29.9,0,1,A/5 46978,18.78,Unknown,Q,2,0,0,Adulto
762,0,2,"Allen, Mr. John",male,20.8,0,2,PC 21518,41.22,Unknown,S,3,0,0,Adulto
763,0,3,"López, Mr. Samuel",male,38.1,0,0,LINE 29275,9.46,Unknown,S,1,1,0,Adulto
764,0,1,"Evans, Mr. Luis",male,42.7,0,0,C.A. 95060,162.97,E76,S,1,1,1,Adulto
765,1,3,"Evans, Mrs. Elena",female,25.8,0,0,A/5 25721,44.18,Unknown,S,1,1,0,Adulto
766,0,3,"Hernández, Mr. James",male,43.3,0,0,A/5 87985,8.72,Unknown,S,1,1,0,Adulto
767,0,3,"Thomas, Mrs. María",female,26.1,1,0,W./C. 88070,10.61,Unknown,S,2,0,0,Adulto
768,1,3,"Martínez, Miss. Elizabeth",female,11.8,0,0,PC 45681,2.52,Unknown,S,1,1,0,Niño
769,1,2,"Evans, Mr. John",male,59.2,1,0,A/5 42477,22.93,Unknown,S,2,0,0,Adulto
770,1,3,"López, Mrs. Anna",female,44.9,1,0,STON/O2 31781,5.71,Unknown,S,2,0,0,Adulto
771,1,3,"Smith, Miss. Sofía",female,23.9,0,0,STON/O2 23681,11.79,Unknown,C,1,1,0,Adulto
772,1,3,"Evans, Mrs. Margaret",female,26.0,0,0,W./C. 66455,4.76,Unknown,S,1,1,0,Adulto
773,0,2,"Wright, Mr. Arthur",male,16.1,2,2,SOTON 80477,14.87,Unknown,S,5,0,0,Joven
774,0,3,"Wright, Mr. Carlos",male,32.8,0,0,C.A. 93955,11.02,Unknown,S,1,1,0,Adulto
775,0,3,"Wright, Mr. Thomas",male,49.9,0,0,A/5 79875,11.48,Unknown,S,1,1,0,Adulto
776,0,3,"Young, Mr. Luis",male,34.1,1,0,LINE 10787,8.95,Unknown,S,2,0,0,Adulto
777,0,3,"Green, Mrs. Mary",female,39.1,0,0,SOTON 72512,19.98,Unknown,S,1,1,0,Adulto
778,1,3,"Scott, Mr. John",male,36.4,0,0,C.A. 53010,19.76,Unknown,S,1,1,0,Adulto
779,1,1,"Green, Miss. Emily",female,29.9,0,2,W./C. 45915,177.17,Unknown,S,3,0,0,Adulto
780,1,3,"Scott, Mr. Miguel",male,2.8,1,1,W./C. 97948,8.36,Unknown,C,3,0,0,Niño
781,0,1,"Scott, Mr. Miguel",male,40.3,3,0,A/5 98733,77.38,Unknown,S,4,0,0,Adulto
782,0,3,"Thomas, Mr. Daniel",male,32.8,0,0,A/5 51743,23.41,Unknown,C,1,1,0,Adulto
783,0,1,"King, Mr. Alejandro",male,26.7,0,0,A/5 59136,185.56,Unknown,S,1,1,0,Adulto
784,1,3,"Walker, Mrs. Ethel",female,41.1,0,0,A/5 31895,14.44,Unknown,S,1,1,0,Adulto
785,1,3,"Taylor, Miss. Mary",female,7.2,0,1,PC 5709,27.06,Unknown,S,2,0,0,Niño
786,1,2,"Martin, Mrs. Elizabeth",female,34.6,1,1,LINE 67474,20.8,Unknown,S,3,0,0,Adulto
787,0,3,"Brown, Mr. Thomas",male,6.2,0,0,A/5 53574,40.43,Unknown,C,1,1,0,Niño
788,0,3,"Thomas, Mr. James",male,29.9,0,0,W./C. 65539,18.89,Unknown,S,1,1,0,Adulto
789,1,3,"Roberts, Mr. Edward",male,30.0,1,0,C.A. 76886,20.14,Unknown,S,2,0,0,Adulto
790,0,3,"Walker, Mrs. María",female,33.5,0,0,PC 26677,13.84,Unknown,S,1,1,0,Adulto
791,0,1,"Davies, Mr. Carlos",male,29.9,0,0,SOTON 93822,50.16,Unknown,Q,1,1,0,Adulto
792,0,3,"Johnson, Mr. Alejandro",male,37.7,1,0,PC 12876,19.84,Unknown,C,2,0,0,Adulto
793,1,3,"Davies, Miss. Helen",female,11.0,0,0,A/5 96970,5.57,Unknown,C,1,1,0,Niño
794,0,3,"Johnson, Mr. Thomas",male,31.9,0,0,PC 67848,30.63,Unknown,S,1,1,0,Adulto
795,1,1,"Martin, Miss. Lucía",female,2.5,0,2,PC 19637,34.46,B54,S,3,0,1,Niño
796,1,2,"Lewis, Mrs. Isabella",female,45.1,0,1,STON/O2 36591,33.67,Unknown,S,2,0,0,Adulto
797,1,3,"Taylor, Mr. George",male,29.9,0,0,LINE 7665,7.44,Unknown,S,1,1,0,Adulto
798,1,1,"Allen, Mrs. Sofía",female,39.0,0,0,PC 51685,105.94,Unknown,S,1,1,0,Adulto
799,0,3,"Ramírez, Mr. Miguel",male,29.9,2,0,PC 6761,9.45,Unknown,S,3,0,0,Adulto
800,0,3,"Davies, Mr. Arthur",male,4.6,1,0,SOTON 12399,24.68,Unknown,S,2,0,0,Niño
801,0,1,"López, Mr. Samuel",male,36.9,0,0,C.A. 39390,59.46,E16,Q,1,1,1,Adulto
802,0,3,"Young, Miss. Margaret",female,14.7,0,0,A/5 66140,15.45,Unknown,S,1,1,0,Joven
803,0,1,"Young, Mr. George",male,2.5,1,2,W./C. 95928,38.65,Unknown,C,4,0,0,Niño
804,1,2,"Evans, Mrs. Elena",female,50.5,1,0,STON/O2 76530,23.74,Unknown,Q,2,0,0,Adulto
805,0,2,"Davies, Mr. Carlos",male,29.9,0,1,A/5 23472,26.88,Unknown,S,2,0,0,Adulto
806,1,3,"Martin, Mrs. Margaret",female,50.1,0,0,W./C. 59804,15.44,Unknown,S,1,1,0,Adulto
807,1,3,"Walker, Mr. Alejandro",male,29.9,1,0,C.A. 98853,23.75,Unknown,S,2,0,0,Adulto
808,1,3,"Thomas, Mrs. Elena",female,41.4,3,0,STON/O2 83140,11.26,Unknown,S,4,0,0,Adulto
809,0,3,"King, Mr. James",male,29.9,0,0,PC 99028,15.26,Unknown,S,1,1,0,Adulto
810,0,3,"Young, Mr. Samuel",male,32.6,1,0,PC 73042,5.6,Unknown,S,2,0,0,Adulto
811,0,2,"Lewis, Mr. Alejandro",male,39.1,0,0,STON/O2 72739,51.15,Unknown,S,1,1,0,Adulto
812,0,3,"Hernández, Mr. William",male,14.3,0,0,W./C. 85861,8.66,Unknown,C,1,1,0,Joven
813,0,3,"Hall, Mr. Robert",male,24.7,0,0,A/5 80010,12.83,Unknown,Q,1,1,0,Adulto
814,0,1,"Roberts, Mr. Arthur",male,20.4,1,0,A/5 76360,72.93,Unknown,Q,2,0,0,Adulto
815,1,3,"Walker, Mr. Henry",male,44.7,0,0,A/5 22165,6.63,Unknown,S,1,1,0,Adulto
816,1,3,"Wilson, Mrs. Helen",female,32.5,2,0,W./C. 26005,11.25,Unknown,S,3,0,0,Adulto
817,1,2,"Johnson, Mr. John",male,59.0,0,0,LINE 11687,29.05,E37,S,1,1,1,Adulto
818,0,2,"Scott, Mrs. Alice",female,30.5,0,1,C.A. 36894,7.43,Unknown,C,2,0,0,Adulto
819,1,3,"Roberts, Miss. Sofía",female,6.1,0,0,PC 85090,11.62,Unknown,S,1,1,0,Niño
820,1,3,"Lewis, Mr. Samuel",male,29.9,1,0,PC 64599,14.03,Unknown,S,2,0,0,Adulto
821,0,2,"Brown, Mr. Charles",male,40.0,4,0,A/5 87893,39.49,Unknown,S,5,0,0,Adulto
822,1,2,"Evans, Mr. Edward",male,45.1,0,2,PC 57003,76.21,Unknown,S,3,0,0,Adulto
823,0,2,"Roberts, Mr. John",male,16.6,1,0,C.A. 38751,27.85,Unknown,S,2,0,0,Joven
824,1,2,"Smith, Miss. Florence",female,29.9,3,0,W./C. 36172,50.21,Unknown,C,4,0,0,Adulto
825,1,2,"Taylor, Mr. William",male,15.9,0,0,W./C. 63911,25.27,Unknown,Q,1,1,0,Joven
826,0,3,"Martínez, Mr. Carlos",male,11.2,1,0,STON/O2 29078,12.84,Unknown,S,2,0,0,Niño
827,0,3,"Ramírez, Mr. James",male,29.9,0,0,C.A. 16118,16.68,Unknown,S,1,1,0,Adulto
828,1,2,"Hernández, Mr. Arthur",male,47.9,0,0,W./C. 16803,8.02,Unknown,S,1,1,0,Adulto
829,1,3,"Green, Mr. Thomas",male,29.9,0,0,PC 84793,26.66,Unknown,S,1,1,0,Adulto
830,1,3,"Ramírez, Miss. Mary",female,29.9,1,3,LINE 15207,13.85,Unknown,S,5,0,0,Adulto
831,1,1,"Roberts, Mrs. Isabella",female,28.2,1,0,SOTON 1444,32.7,Unknown,S,2,0,0,Adulto
832,0,3,"Clark, Mr. Charles",male,29.9,0,0,C.A. 88609,11.49,Unknown,S,1,1,0,Adulto
833,1,1,"Martínez, Mr. John",male,31.8,0,0,LINE 56780,27.2,Unknown,S,1,1,0,Adulto
834,1,2,"Davies, Mrs. Elena",female,29.9,2,0,SOTON 26111,56.3,Unknown,S,3,0,0,Adulto
835,0,2,"Smith, Mr. Thomas",male,46.5,1,0,LINE 39805,20.16,Unknown,S,2,0,0,Adulto
836,0,2,"Martínez, Mr. Samuel",male,59.8,1,0,W./C. 47580,8.75,Unknown,S,2,0,0,Adulto
837,0,3,"Evans, Mr. Miguel",male,36.6,2,2,STON/O2 57316,24.08,Unknown,S,5,0,0,Adulto
838,0,1,"Brown, Mrs. Lucía",female,58.0,0,0,LINE 75010,58.24,Unknown,S,1,1,0,Adulto
839,1,3,"Davies, Miss. María",female,24.0,2,1,C.A. 23196,5.51,Unknown,C,4,0,0,Adulto
840,1,3,"Wright, Mr. Samuel",male,24.7,2,0,A/5 90876,14.76,Unknown,C,3,0,0,Adulto
841,1,1,"López, Miss. Mary",female,24.3,0,0,STON/O2 31618,104.3,Unknown,C,1,1,0,Adulto
842,0,3,"Scott, Mr. Henry",male,14.2,0,0,W./C. 72889,16.13,Unknown,S,1,1,0,Joven
843,1,3,"Brown, Mr. Alejandro",male,29.9,1,0,C.A. 8174,7.26,Unknown,C,2,0,0,Adulto
844,1,3,"Scott, Mrs. Helen",female,54.1,0,0,A/5 47774,21.33,Unknown,S,1,1,0,Adulto
845,1,2,"Hall, Miss. Emily",female,11.0,0,0,C.A. 88748,19.32,Unknown,S,1,1,0,Niño
846,0,3,"Ramírez, Mr. Alejandro",male,33.7,0,0,SOTON 56329,12.12,Unknown,S,1,1,0,Adulto
847,1,1,"Clark, Mr. Edward",male,17.2,1,0,STON/O2 15266,110.47,Unknown,S,2,0,0,Joven
848,1,1,"King, Mrs. Isabella",female,33.6,1,0,W./C. 68918,122.43,Unknown,S,2,0,0,Adulto
849,0,3,"Walker, Mr. Robert",male,29.9,0,0,LINE 78996,7.44,Unknown,C,1,1,0,Adulto
850,0,3,"López, Mr. George",male,29.9,1,0,A/5 8522,2.18,Unknown,S,2,0,0,Adulto
851,1,3,"Lewis, Mrs. Lucía",female,35.8,0,0,PC 49810,11.32,Unknown,S,1,1,0,Adulto
852,1,3,"Wilson, Mr. Samuel",male,7.8,0,0,LINE 16166,15.94,Unknown,S,1,1,0,Niño
853,0,3,"Hall, Mr. Charles",male,17.6,0,1,C.A. 9530,26.96,Unknown,Q,2,0,0,Joven
854,1,3,"Ramírez, Mr. Samuel",male,29.1,0,0,W./C. 30718,12.29,Unknown,S,1,1,0,Adulto
855,1,2,"Scott, Mrs. Edith",female,38.7,0,3,PC 90356,28.47,Unknown,S,4,0,0,Adulto
856,1,1,"Young, Miss. Margaret",female,6.4,1,0,PC 80485,114.17,Unknown,S,2,0,0,Niño
857,1,2,"Thomas, Mr. George",male,42.2,1,0,STON/O2 84396,24.88,Unknown,S,2,0,0,Adulto
858,0,1,"Wright, Mr. Alejandro",male,22.3,0,2,W./C. 14279,30.86,Unknown,S,3,0,0,Adulto
859,0,3,"Wright, Mr. William",male,29.9,0,0,PC 9732,11.48,Unknown,C,1,1,0,Adulto
860,0,3,"Clark, Mr. John",male,23.6,0,0,STON/O2 35324,24.41,Unknown,S,1,1,0,Adulto
861,0,2,"Roberts, Mr. Edward",male,29.9,0,0,STON/O2 21667,19.72,Unknown,S,1,1,0,Adulto
862,0,2,"Thomas, Mr. Carlos",male,29.9,1,0,SOTON 92708,36.78,Unknown,Q,2,0,0,Adulto
863,0,3,"Walker, Mr. James",male,40.2,0,1,W./C. 11354,25.26,Unknown,S,2,0,0,Adulto
864,0,2,"Martínez, Mr. Miguel",male,44.2,0,0,W./C. 12116,27.99,Unknown,S,1,1,0,Adulto
865,1,3,"Davies, Miss. Ethel",female,17.8,0,0,LINE 59055,25.49,Unknown,S,1,1,0,Joven
866,0,1,"López, Mr. Edward",male,41.5,0,2,PC 98983,105.62,Unknown,C,3,0,0,Adulto
867,0,2,"Wright, Miss. Elizabeth",female,18.4,2,0,STON/O2 35376,35.13,Unknown,Q,3,0,0,Joven
868,0,2,"Hernández, Mr. Charles",male,29.9,1,4,LINE 98221,30.45,Unknown,C,6,0,0,Adulto
869,0,3,"Hall, Mr. Miguel",male,52.7,1,0,C.A. 74709,11.62,Unknown,S,2,0,0,Adulto
870,0,2,"Davies, Mrs. Isabella",female,50.9,4,0,STON/O2 92270,13.95,Unknown,S,5,0,0,Adulto
871,0,2,"Martin, Mr. Samuel",male,29.9,1,2,A/5 75885,22.85,Unknown,S,4,0,0,Adulto
872,0,3,"Evans, Mr. Miguel",male,47.8,0,0,PC 35429,20.46,Unknown,S,1,1,0,Adulto
873,1,2,"Thomas, Mr. Edward",male,29.9,1,1,PC 9484,13.34,Unknown,Q,3,0,0,Adulto
874,0,2,"King, Mrs. Elizabeth",female,29.9,0,0,STON/O2 5675,24.7,Unknown,S,1,1,0,Adulto
875,1,3,"Martínez, Mr. James",male,24.5,0,3,SOTON 10004,10.71,Unknown,S,4,0,0,Adulto
876,0,2,"Allen, Mr. Charles",male,27.6,0,1,SOTON 17035,7.87,Unknown,S,2,0,0,Adulto
877,1,1,"Hernández, Mr. Carlos",male,34.4,1,0,SOTON 91013,14.81,Unknown,S,2,0,0,Adulto
878,0,1,"Thomas, Mr. Edward",male,33.9,0,0,STON/O2 83577,142.36,Unknown,S,1,1,0,Adulto
879,1,3,"Thomas, Mrs. Ethel",female,29.9,1,2,W./C. 82569,4.77,Unknown,C,4,0,0,Adulto
880,1,3,"Wright, Mrs. Alice",female,42.8,0,0,PC 98792,4.84,Unknown,S,1,1,0,Adulto
881,0,2,"Hall, Mr. Miguel",male,39.3,0,0,C.A. 47506,60.4,F47,S,1,1,1,Adulto
882,1,3,"Young, Miss. Anna",female,29.9,0,0,PC 92089,6.72,Unknown,S,1,1,0,Adulto
883,0,3,"López, Mr. Miguel",male,42.0,0,0,STON/O2 52174,9.09,Unknown,S,1,1,0,Adulto
884,0,3,"Evans, Mrs. Florence",female,27.2,1,2,A/5 9618,11.36,Unknown,S,4,0,0,Adulto
885,1,3,"García, Mr. Alejandro",male,42.6,0,0,C.A. 58736,39.55,Unknown,S,1,1,0,Adulto
886,0,3,"Clark, Mr. Thomas",male,23.7,1,1,W./C. 29537,9.77,Unknown,C,3,0,0,Adulto
887,1,3,"Wright, Mr. Alejandro",male,27.7,2,0,PC 80628,14.14,Unknown,S,3,0,0,Adulto
888,0,3,"Wilson, Mr. Alejandro",male,41.6,1,0,A/5 2480,9.75,Unknown,S,2,0,0,Adulto
889,1,3,"Wright, Mrs. Isabella",female,41.7,0,0,SOTON 90352,6.11,Unknown,C,1,1,0,Adulto
890,1,1,"Smith, Mr. William",male,36.7,1,0,SOTON 44427,114.23,A43,S,2,0,1,Adulto
891,1,3,"Young, Miss. Helen",female,13.1,3,0,A/5 1537,18.78,Unknown,S,4,0,0,Joven
892,1,3,"Evans, Mrs. Margaret",female,40.6,0,0,LINE 19824,12.59,Unknown,S,1,1,0,Adulto
893,0,3,"Hall, Mrs. Ethel",female,29.7,0,0,PC 26849,15.93,Unknown,S,1,1,0,Adulto
894,0,3,"Taylor, Mr. Robert",male,29.7,0,0,LINE 66355,36.88,Unknown,C,1,1,0,Adulto
895,0,3,"Green, Mr. James",male,29.9,1,0,STON/O2 94578,8.69,Unknown,S,2,0,0,Adulto
896,1,3,"Young, Miss. Emily",female,29.9,0,0,C.A. 39333,23.74,Unknown,S,1,1,0,Adulto
897,1,1,"Evans, Mr. Henry",male,29.9,1,0,C.A. 73969,60.26,D61,S,2,0,1,Adulto
898,0,2,"Evans, Mr. John",male,29.9,0,0,C.A. 34540,43.88,D111,S,1,1,1,Adulto
899,0,2,"Roberts, Mr. George",male,16.6,0,0,SOTON 30193,21.75,Unknown,S,1,1,0,Joven
900,0,3,"Walker, Mr. Edward",male,28.7,1,0,PC 7922,19.12,Unknown,S,2,0,0,Adulto
901,0,1,"Evans, Mr. George",male,5.4,1,0,W./C. 65532,42.29,Unknown,S,2,0,0,Niño
902,0,3,"Thomas, Mr. Thomas",male,25.1,5,2,C.A. 45825,4.76,Unknown,S,8,0,0,Adulto
903,0,3,"Lewis, Miss. Isabella",female,29.9,2,0,A/5 35879,22.38,Unknown,S,3,0,0,Adulto
904,0,1,"Lewis, Mr. William",male,34.9,0,1,W./C. 59109,85.4,Unknown,S,2,0,0,Adulto
905,0,3,"Davies, Mrs. Florence",female,59.1,0,4,W./C. 41735,20.2,Unknown,S,5,0,0,Adulto
906,0,3,"Scott, Mr. Alejandro",male,29.9,0,2,C.A. 49781,6.34,Unknown,C,3,0,0,Adulto
907,0,3,"Green, Mr. Robert",male,41.0,0,0,SOTON 58519,13.65,Unknown,C,1,1,0,Adulto
908,1,3,"Taylor, Mrs. Alice",female,40.1,1,2,PC 58438,6.75,Unknown,S,4,0,0,Adulto
909,1,1,"Allen, Mr. Miguel",male,29.9,0,2,STON/O2 2133,117.18,B55,S,3,0,1,Adulto
910,1,2,"Young, Mr. Robert",male,42.2,3,0,A/5 55613,21.44,Unknown,S,4,0,0,Adulto
911,0,2,"Green, Mrs. Margaret",female,42.6,0,1,PC 37985,29.67,Unknown,S,2,0,0,Adulto
912,1,2,"Lewis, Miss. Camila",female,29.9,0,1,W./C. 16541,11.2,Unknown,S,2,0,0,Adulto
913,0,1,"Davies, Miss. Sofía",female,23.9,4,0,SOTON 74378,60.85,Unknown,S,5,0,0,Adulto
914,1,3,"Taylor, Mr. Edward",male,10.4,0,0,W./C. 36264,9.58,Unknown,S,1,1,0,Niño
915,1,3,"Lewis, Mr. Daniel",male,26.3,0,0,LINE 94192,2.96,Unknown,Q,1,1,0,Adulto
916,0,3,"López, Mr. Luis",male,37.2,0,0,A/5 39392,11.19,Unknown,Q,1,1,0,Adulto
917,0,2,"Allen, Mr. Arthur",male,29.3,0,0,C.A. 14656,38.39,F24,S,1,1,1,Adulto
918,0,1,"Thomas, Mr. Samuel",male,29.6,1,2,PC 2869,45.07,Unknown,Q,4,0,0,Adulto
919,1,3,"Ramírez, Miss. Helen",female,19.7,0,0,PC 3076,7.97,Unknown,C,1,1,0,Joven
920,1,1,"Walker, Mr. Samuel",male,44.1,1,3,PC 73812,98.1,Unknown,S,5,0,0,Adulto
921,0,3,"Johnson, Mr. James",male,35.9,3,0,STON/O2 15632,4.49,Unknown,Q,4,0,0,Adulto
922,0,1,"Davies, Mr. Henry",male,29.9,0,0,LINE 39638,164.44,Unknown,S,1,1,0,Adulto
923,0,3,"Ramírez, Mr. Alejandro",male,34.8,1,0,W./C. 57991,9999.0,Unknown,S,2,0,0,Adulto
924,0,3,"Brown, Mr. Carlos",male,29.9,0,0,W./C. 77747,35.51,Unknown,S,1,1,0,Adulto
925,0,2,"Smith, Mr. James",male,37.0,0,0,C.A. 79967,45.61,F102,C,1,1,1,Adulto
926,0,1,"López, Mr. James",male,46.5,0,0,C.A. 83361,93.75,D97,C,1,1,1,Adulto
927,1,2,"Taylor, Mr. Edward",male,29.9,0,0,LINE 65372,31.21,F149,S,1,1,1,Adulto
928,0,1,"Walker, Mr. Samuel",male,40.0,1,0,W./C. 91125,89.76,B51,S,2,0,1,Adulto
929,1,3,"Walker, Mrs. Helen",female,29.9,0,0,STON/O2 38387,16.3,Unknown,S,1,1,0,Adulto
930,1,2,"López, Mr. John",male,29.9,1,0,LINE 25922,19.96,Unknown,C,2,0,0,Adulto
931,1,3,"López, Mrs. Elizabeth",female,49.7,0,0,W./C. 23748,11.47,Unknown,S,1,1,0,Adulto
932,1,1,"Roberts, Miss. Lucía",female,18.5,1,0,W./C. 18561,56.59,Unknown,S,2,0,0,Joven
933,1,1,"Ramírez, Mrs. Helen",female,53.8,1,1,PC 22694,73.36,Unknown,S,3,0,0,Adulto
934,1,2,"Allen, Mrs. Edith",female,29.9,0,0,C.A. 26552,14.96,Unknown,C,1,1,0,Adulto
935,0,3,"García, Mr. Miguel",male,32.6,4,0,W./C. 95155,18.27,Unknown,S,5,0,0,Adulto
936,1,3,"Young, Mrs. Florence",female,29.9,0,3,SOTON 92923,20.42,Unknown,S,4,0,0,Adulto
937,0,3,"Johnson, Mr. Arthur",male,40.0,1,0,PC 93933,34.52,Unknown,C,2,0,0,Adulto
938,0,2,"King, Mr. William",male,29.9,1,0,W./C. 83101,26.53,E69,S,2,0,1,Adulto
939,0,3,"Allen, Mr. Carlos",male,31.1,3,0,LINE 12855,18.36,Unknown,S,4,0,0,Adulto
940,1,3,"Ramírez, Mrs. Lucía",female,39.8,0,0,STON/O2 32651,25.53,Unknown,S,1,1,0,Adulto
941,1,3,"López, Mrs. Margaret",female,55.9,2,0,PC 3697,7.2,Unknown,S,3,0,0,Adulto
942,0,3,"Scott, Miss. Helen",female,18.2,0,1,A/5 47993,11.63,Unknown,C,2,0,0,Joven
943,0,1,"Taylor, Mr. Luis",male,7.7,0,0,A/5 75624,78.09,B80,S,1,1,1,Niño
944,0,1,"Walker, Mr. Thomas",male,43.1,0,0,SOTON 99915,69.14,E140,S,1,1,1,Adulto
945,1,2,"Thomas, Mr. Robert",male,29.9,2,0,LINE 99797,57.25,Unknown,S,3,0,0,Adulto
946,0,3,"Davies, Mr. Robert",male,54.7,0,2,LINE 67072,8.06,Unknown,Q,3,0,0,Adulto
947,0,1,"Johnson, Mr. Samuel",male,15.5,0,1,STON/O2 3030,60.95,Unknown,C,2,0,0,Joven
948,0,2,"Young, Mrs. Edith",female,46.3,2,0,SOTON 90342,45.52,Unknown,S,3,0,0,Adulto
949,1,3,"Martin, Mrs. Ethel",female,35.1,1,2,STON/O2 46796,10.31,Unknown,S,4,0,0,Adulto
950,0,2,"Wilson, Mr. John",male,16.4,1,0,SOTON 73503,13.17,D58,Q,2,0,1,Joven
951,1,1,"Johnson, Mr. James",male,54.5,0,1,PC 88890,77.38,Unknown,S,2,0,0,Adulto
952,0,2,"Allen, Mr. Henry",male,29.9,0,0,C.A. 38275,17.85,Unknown,S,1,1,0,Adulto
953,0,3,"García, Mr. William",male,17.4,0,0,STON/O2 75525,15.17,Unknown,S,1,1,0,Joven
954,0,3,"Green, Mr. Thomas",male,25.0,0,0,W./C. 18175,6.74,Unknown,S,1,1,0,Adulto
955,1,3,"Smith, Mrs. Lucía",female,36.7,0,2,A/5 53773,8.54,Unknown,S,3,0,0,Adulto
956,1,2,"Wilson, Mr. George",male,25.6,0,0,PC 72472,23.38,Unknown,S,1,1,0,Adulto
957,1,3,"Hernández, Mrs. Anna",female,25.6,0,0,W./C. 71273,5.91,Unknown,S,1,1,0,Adulto
958,1,2,"King, Mr. Alejandro",male,17.1,0,0,A/5 82427,16.27,Unknown,S,1,1,0,Joven
959,0,3,"Taylor, Mr. Robert",male,42.2,0,0,LINE 18649,8.27,Unknown,S,1,1,0,Adulto
960,1,1,"Taylor, Mrs. Elena",female,51.5,4,2,C.A. 59303,58.28,Unknown,S,7,0,0,Adulto
961,1,1,"Young, Mr. John",male,32.3,0,0,W./C. 93721,41.78,E63,C,1,1,1,Adulto
962,0,1,"Davies, Mr. Edward",male,59.0,1,0,C.A. 92089,53.27,Unknown,Q,2,0,0,Adulto
963,1,1,"Taylor, Mrs. Isabella",female,29.9,0,1,PC 31371,77.31,Unknown,S,2,0,0,Adulto
964,1,3,"Thomas, Mrs. Elizabeth",female,34.4,0,1,LINE 15663,6.23,Unknown,S,2,0,0,Adulto
965,0,3,"Martínez, Mr. Miguel",male,29.9,1,0,W./C. 25721,11.93,Unknown,Q,2,0,0,Adulto
966,0,3,"Green, Mrs. Ethel",female,38.8,0,0,SOTON 55553,11.54,Unknown,S,1,1,0,Adulto
967,1,1,"López, Mrs. Elizabeth",female,31.3,0,0,W./C. 19867,69.76,Unknown,S,1,1,0,Adulto
968,1,3,"Green, Mr. Miguel",male,3.5,1,0,PC 7061,17.32,Unknown,S,2,0,0,Niño
969,0,3,"King, Mr. Charles",male,65.9,0,0,LINE 52979,14.17,Unknown,Q,1,1,0,Adulto mayor
970,0,3,"Evans, Mr. Miguel",male,26.4,0,2,A/5 41821,38.45,Unknown,S,3,0,0,Adulto
971,0,1,"Wright, Mr. Samuel",male,29.9,0,0,STON/O2 87494,132.35,Unknown,C,1,1,0,Adulto
972,1,3,"García, Mr. Charles",male,4.1,1,0,SOTON 22874,12.11,Unknown,Q,2,0,0,Niño
973,0,3,"Johnson, Mr. Robert",male,28.6,1,0,C.A. 63918,6.44,Unknown,C,2,0,0,Adulto
974,0,2,"Hall, Mr. Alejandro",male,29.9,0,0,C.A. 67248,12.65,Unknown,C,1,1,0,Adulto
975,1,2,"Hernández, Miss. Sofía",female,8.4,0,0,SOTON 33326,16.98,Unknown,S,1,1,0,Niño
976,1,3,"Hall, Mr. James",male,40.4,1,0,PC 50738,14.17,Unknown,S,2,0,0,Adulto
977,0,2,"Davies, Mr. Luis",male,15.6,0,2,LINE 6033,30.81,Unknown,C,3,0,0,Joven
978,0,1,"Davies, Mr. Arthur",male,41.6,0,0,LINE 6119,126.63,Unknown,S,1,1,0,Adulto
979,1,2,"Hall, Mrs. Helen",female,26.7,0,0,LINE 71381,11.46,Unknown,C,1,1,0,Adulto
980,1,2,"Young, Mrs. Anna",female,47.7,0,0,PC 81826,7.41,Unknown,S,1,1,0,Adulto
981,0,3,"Hall, Mr. Samuel",male,29.9,0,0,SOTON 8565,13.09,E172,S,1,1,1,Adulto
982,1,3,"King, Mr. Henry",male,29.9,1,0,LINE 34109,8.81,Unknown,S,2,0,0,Adulto
983,1,2,"Scott, Mr. Arthur",male,26.3,0,3,PC 60541,10.77,Unknown,S,4,0,0,Adulto
984,0,3,"Thomas, Mr. Edward",male,38.0,0,0,SOTON 2962,30.1,Unknown,S,1,1,0,Adulto
985,0,2,"Hall, Mrs. Edith",female,33.1,0,0,LINE 6502,26.23,Unknown,S,1,1,0,Adulto
986,0,3,"King, Miss. Edith",female,29.9,0,0,PC 10680,15.52,Unknown,S,1,1,0,Adulto
987,0,3,"Walker, Mr. Arthur",male,14.4,1,3,PC 23658,4.95,Unknown,S,5,0,0,Joven
988,0,2,"Taylor, Mr. Arthur",male,17.6,0,0,C.A. 76350,42.0,Unknown,S,1,1,0,Joven
989,1,3,"Johnson, Mr. William",male,27.5,1,0,STON/O2 96558,18.39,G35,S,2,0,1,Adulto
990,1,3,"Martínez, Mrs. Margaret",female,33.4,0,0,A/5 82085,11.62,Unknown,S,1,1,0,Adulto
991,0,1,"Green, Mr. James",male,10.0,1,0,PC 64074,109.14,Unknown,C,2,0,0,Niño
992,0,3,"Wright, Mr. Carlos",male,32.1,1,2,W./C. 58838,13.05,Unknown,S,4,0,0,Adulto
993,1,1,"Young, Miss. Isabella",female,9.7,2,1,W./C. 4717,113.74,E24,S,4,0,1,Niño
994,0,1,"Scott, Mr. Daniel",male,29.9,0,0,STON/O2 3417,45.03,Unknown,S,1,1,0,Adulto
995,1,3,"Green, Mr. Alejandro",male,51.6,0,0,C.A. 95170,13.3,Unknown,S,1,1,0,Adulto
996,0,3,"López, Miss. Florence",female,23.7,1,2,W./C. 89376,15.16,Unknown,C,4,0,0,Adulto
997,0,3,"López, Mr. Charles",male,25.3,1,0,C.A. 32670,6.79,Unknown,S,2,0,0,Adulto
998,0,3,"Green, Mr. James",male,26.3,1,0,A/5 56005,15.04,Unknown,S,2,0,0,Adulto
999,1,1,"Clark, Mrs. Sofía",female,32.2,0,1,C.A. 49167,91.14,Unknown,S,2,0,0,Adulto
1000,0,1,"Wright, Mr. Samuel",male,40.6,0,0,A/5 77411,127.48,Unknown,S,1,1,0,Adulto
1001,0,3,"Taylor, Mr. Alejandro",male,11.2,1,0,A/5 72027,6.14,Unknown,S,2,0,0,Niño
1002,1,1,"Davies, Mr. John",male,29.9,2,0,LINE 21678,126.59,Unknown,S,3,0,0,Adulto
1003,1,3,"Roberts, Mrs. Camila",female,50.4,0,0,W./C. 47150,19.61,Unknown,S,1,1,0,Adulto
1004,0,1,"Smith, Mr. Carlos",unknown,29.9,2,0,C.A. 29095,225.2,Unknown,S,3,0,0,Adulto
1005,1,3,"Allen, Mrs. Elizabeth",female,56.1,1,0,PC 65042,1.85,Unknown,S,2,0,0,Adulto
1006,0,3,"Johnson, Mr. Arthur",male,29.9,1,0,LINE 37625,2.56,Unknown,S,2,0,0,Adulto
1007,0,3,"Roberts, Mr. Miguel",male,42.7,1,0,W./C. 30632,16.65,Unknown,S,2,0,0,Adulto
1008,1,3,"Davies, Mrs. Ethel",female,33.6,0,2,PC 65325,12.56,Unknown,S,3,0,0,Adulto
1009,0,2,"Martin, Mr. John",male,22.3,0,0,C.A. 13507,25.26,Unknown,S,1,1,0,Adulto
1010,1,1,"Evans, Mr. George",male,29.9,1,0,STON/O2 94703,123.88,Unknown,S,2,0,0,Adulto
1011,1,2,"Taylor, Mr. Samuel",male,27.4,0,0,LINE 78036,51.16,Unknown,S,1,1,0,Adulto
1012,0,3,"Green, Mr. James",male,20.9,0,2,SOTON 47078,17.31,Unknown,S,3,0,0,Adulto
1013,0,2,"Lewis, Mr. Samuel",male,29.9,2,0,W./C. 47851,11.71,Unknown,Q,3,0,0,Adulto
1014,1,3,"Brown, Mrs. Florence",female,30.5,0,0,C.A. 76375,23.44,Unknown,Q,1,1,0,Adulto
1015,1,1,"Clark, Mrs. Sofía",female,41.5,0,2,A/5 21860,104.36,Unknown,S,3,0,0,Adulto
1016,0,3,"Clark, Mr. Thomas",male,29.9,0,1,W./C. 46964,14.7,Unknown,S,2,0,0,Adulto
1017,1,3,"López, Mr. George",male,29.9,0,0,LINE 37402,5.49,Unknown,S,1,1,0,Adulto
1018,1,3,"Smith, Mr. Miguel",male,31.8,1,0,A/5 92401,20.04,Unknown,C,2,0,0,Adulto
1019,1,2,"Scott, Mr. Henry",male,13.6,0,0,A/5 56437,11.77,Unknown,S,1,1,0,Joven
1020,1,1,"Smith, Mrs. Ethel",female,29.9,0,0,SOTON 29058,129.9,Unknown,Q,1,1,0,Adulto
1021,1,3,"Lewis, Miss. Anna",female,24.7,2,0,STON/O2 97033,8.53,Unknown,S,3,0,0,Adulto
1022,0,1,"Ramírez, Mr. Luis",male,34.4,2,0,A/5 70226,33.01,Unknown,S,3,0,0,Adulto
1023,0,3,"Johnson, Mr. Alejandro",male,16.3,0,0,C.A. 57579,20.76,Unknown,S,1,1,0,Joven
1024,1,3,"Martínez, Mr. Edward",male,0.3,1,0,PC 99824,7.95,Unknown,S,2,0,0,Niño
1025,0,3,"Young, Mr. Thomas",male,20.6,0,0,W./C. 36939,15.4,Unknown,S,1,1,0,Adulto
1026,1,3,"Hernández, Miss. Helen",female,29.9,0,0,SOTON 38246,10.68,Unknown,C,1,1,0,Adulto
1027,0,3,"Hall, Mr. Thomas",male,51.8,0,0,W./C. 53619,13.42,Unknown,S,1,1,0,Adulto
1028,1,1,"Lewis, Mr. Arthur",male,42.4,0,0,SOTON 13169,71.26,Unknown,S,1,1,0,Adulto
1029,0,3,"Ramírez, Mr. Arthur",male,12.7,0,1,C.A. 39900,5.65,F33,S,2,0,1,Niño
1030,0,1,"García, Mr. William",male,19.3,0,0,STON/O2 1244,157.37,Unknown,S,1,1,0,Joven
1031,1,3,"Roberts, Miss. Ethel",female,19.8,0,2,STON/O2 79267,10.89,Unknown,S,3,0,0,Joven
1032,0,3,"Wilson, Mr. George",male,29.2,0,0,W./C. 87667,18.62,Unknown,S,1,1,0,Adulto
1033,0,3,"Walker, Mr. Edward",male,5.8,0,0,C.A. 45770,13.39,Unknown,S,1,1,0,Niño
1034,0,3,"Hall, Mrs. Mary",female,27.0,0,1,C.A. 91581,10.67,Unknown,S,2,0,0,Adulto
1035,0,2,"Lewis, Mr. Thomas",male,27.8,1,3,C.A. 87844,17.69,Unknown,S,5,0,0,Adulto
1036,0,3,"Hernández, Mr. William",male,29.9,0,2,STON/O2 67803,10.95,Unknown,S,3,0,0,Adulto
1037,0,3,"Hall, Mr. Carlos",male,15.4,0,0,PC 9544,12.47,Unknown,S,1,1,0,Joven
1038,1,1,"Smith, Mr. Daniel",male,31.3,3,0,C.A. 40815,70.2,Unknown,S,4,0,0,Adulto
1039,1,3,"Green, Mr. Thomas",male,29.9,0,0,C.A. 28549,21.55,Unknown,S,1,1,0,Adulto
1040,0,1,"Johnson, Mrs. Helen",female,34.3,1,0,SOTON 30479,83.39,Unknown,S,2,0,0,Adulto
1041,0,3,"López, Mr. Charles",male,22.6,0,1,W./C. 24578,15.68,Unknown,Q,2,0,0,Adulto
1042,1,1,"Walker, Mrs. Ethel",female,33.6,0,0,C.A. 97305,98.18,Unknown,S,1,1,0,Adulto
1043,0,3,"King, Mr. William",male,8.4,0,0,LINE 28533,70.2,Unknown,S,1,1,0,Niño
1044,1,3,"Scott, Mrs. Helen",female,29.9,2,0,LINE 79098,14.11,Unknown,S,3,0,0,Adulto
1045,1,3,"Walker, Mrs. Anna",female,26.2,0,1,A/5 84675,12.35,Unknown,C,2,0,0,Adulto
1046,1,3,"Wright, Mr. Arthur",male,33.9,0,0,A/5 45281,11.36,Unknown,S,1,1,0,Adulto
1047,1,2,"Wilson, Mr. George",male,26.5,0,3,C.A. 78817,14.99,Unknown,S,4,0,0,Adulto
1048,1,2,"Clark, Miss. María",female,7.0,0,0,PC 49412,12.7,Unknown,C,1,1,0,Niño
1049,1,3,"Roberts, Mrs. Camila",female,27.0,1,0,C.A. 56713,9.56,Unknown,S,2,0,0,Adulto
1050,0,3,"López, Mr. Thomas",male,41.8,0,0,LINE 33033,25.68,Unknown,S,1,1,0,Adulto
